,id,summary,risk,category
0,50561,,1+,9
1,50562,,1+,9
2,50563,,1+,9
3,50564,,1+,2
4,50565,,1+,2
5,50566,,1+,2
6,50567,,1+,2
7,50568,,1+,2
8,50569,,1+,8
9,50570,,1+,9
10,50571,,1+,9
11,50572,,1+,9
12,50573,,1+,9
13,50574,,10+,0
14,50575,,1+,8
15,50576,,1+,8
16,50577,,1+,8
17,50578,,10+,0
18,50579,,1+,8
19,50580,,10+,0
20,50581,,10+,0
21,50582,,10+,0
22,50583,,10+,0
23,50584,,10+,0
24,50585,,1+,8
25,50586,,1+,8
26,50587,,1+,8
27,50588,,10+,0
28,50589,,1+,8
29,50590,,1+,8
30,50591,,1+,8
31,50592,,1+,8
32,50593,,1+,8
33,50594,,10+,0
34,50595,,10+,0
35,50596,,1+,8
36,50597,,1+,8
37,50598,,1+,8
38,50599,,10+,0
39,50600,,10+,0
40,50601,,1+,8
41,50602,,100+,0
42,50603,,1+,8
43,50604,,1+,9
44,50605,,1+,9
45,50606,,1+,9
46,50607,,1+,2
47,50608,,1+,2
48,50609,,1+,2
49,50610,,1+,2
50,50611,,1+,2
51,50612,,1+,9
52,50613,,1+,9
53,50614,,1+,9
54,50615,,1+,9
55,50616,,10+,3
56,50617,,1+,3
57,50618,,100+,0
58,50619,,1+,8
59,50620,,1+,8
60,50621,,10+,5
61,50622,,10+,0
62,50623,,1+,8
63,50624,,1+,9
64,50625,,1+,9
65,50626,,1+,9
66,50627,,1+,2
67,50628,,1+,2
68,50629,,1+,2
69,50630,,1+,2
70,50631,,1+,2
71,50632,,1+,8
72,50633,,1+,9
73,50634,,1+,9
74,50635,,1+,9
75,50636,,1+,9
76,50637,,10+,0
77,50638,,10+,0
78,50639,,1+,8
79,50640,,1+,8
80,50641,,10+,0
81,50642,,1+,8
82,50643,,1+,8
83,50644,,1+,5
84,50645,,100+,0
85,50646,,1+,8
86,50647,,1+,8
87,50648,,10+,0
88,50649,,1+,8
89,50650,,1+,8
90,50651,,1+,8
91,50652,,1+,8
92,50653,,1+,8
93,50654,,10+,0
94,50655,,1+,8
95,50656,,10+,0
96,50657,,10+,0
97,50658,,10+,0
98,50659,,1+,8
99,50660,,1+,9
100,50661,,1+,9
101,50662,,1+,9
102,50663,,1+,2
103,50664,,1+,2
104,50665,,1+,9
105,50666,,1+,2
106,50667,,1+,2
107,50668,,1+,9
108,50669,,1+,9
109,50670,,1+,9
110,50671,,1+,2
111,50672,,1+,2
112,50673,,10+,0
113,50674,,10+,0
114,50675,,10+,0
115,50676,,10+,0
116,50677,,10+,0
117,50678,,1+,3
118,50679,,10+,0
119,50680,,1+,8
120,50681,,1+,0
121,50682,,1+,5
122,50683,,1+,0
123,50684,,1+,0
124,50685,,1+,0
125,50686,,1+,0
126,50687,,1+,0
127,50688,,1+,0
128,50689,,1+,8
129,50690,,1+,0
130,50691,,1+,0
131,50692,,1+,0
132,50693,,1+,9
133,50694,,1+,9
134,50695,,1+,9
135,50696,,1+,2
136,50697,,1+,2
137,50698,,1+,2
138,50699,,1+,2
139,50700,,1+,2
140,50701,,1+,8
141,50702,,1+,9
142,50703,,1+,9
143,50704,,1+,9
144,50705,,1+,9
145,50706,,1+,0
146,50707,,10+,5
147,50708,,100+,0
148,50709,,1+,0
149,50710,,1+,0
150,50711,,10+,5
151,50712,,1+,8
152,50713,,1+,8
153,50714,,1+,8
154,50715,,1+,0
155,50716,,1+,0
156,50717,,1+,8
157,50718,,1+,8
158,50719,,10+,0
159,50720,,1+,8
160,50721,,1+,8
161,50722,,1+,8
162,50723,,10+,5
163,50724,,1+,0
164,50725,,1+,8
165,50726,,10+,0
166,50727,,1+,8
167,50728,,1+,0
168,50729,,1+,8
169,50730,,10+,0
170,50731,,1+,8
171,50732,,1+,0
172,50733,,1+,0
173,50734,,1+,8
174,50735,,1+,8
175,50736,,1+,9
176,50737,,1+,9
177,50738,,1+,9
178,50739,,1+,2
179,50740,,1+,2
180,50741,,1+,2
181,50742,,1+,2
182,50743,,1+,2
183,50744,,1+,9
184,50745,,1+,9
185,50746,,1+,9
186,50747,,1+,9
187,50748,,1+,0
188,50749,,1+,0
189,50750,,1+,0
190,50751,,1+,3
191,50752,,1+,0
192,50753,,1+,0
193,50754,,1+,5
194,50755,,10+,0
195,50756,,10+,0
196,50757,,1+,6
197,50758,,1+,9
198,50759,,1+,9
199,50760,,1+,9
200,50761,,1+,2
201,50762,,1+,2
202,50763,,1+,2
203,50764,,1+,2
204,50765,,1+,2
205,50766,,1+,8
206,50767,,1+,5
207,50768,,1+,6
208,50769,,1+,9
209,50770,,1+,9
210,50771,,1+,9
211,50772,,1+,9
212,50773,,1+,5
213,50774,,1+,5
214,50775,,1+,5
215,50776,,1+,5
216,50777,,1+,5
217,50778,,1+,5
218,50779,,1+,5
219,50780,,1+,5
220,50781,,1+,5
221,50782,,1+,5
222,50783,,1+,5
223,50784,,1+,5
224,50785,,1+,5
225,50786,,1+,5
226,50787,,1+,5
227,50788,,1+,5
228,50789,,1+,8
229,50790,,10+,0
230,50791,,10+,0
231,50792,,10+,0
232,50793,,1+,6
233,50794,,1+,5
234,50795,,1+,5
235,50796,,1+,5
236,50797,,1+,5
237,50798,,1+,5
238,50799,,1+,5
239,50800,,1+,6
240,50801,,1+,6
241,50802,,1+,5
242,50803,,1+,8
243,50804,,1+,8
244,50805,,1+,8
245,50806,,1+,8
246,50807,,1+,5
247,50808,,1+,5
248,50809,,1+,5
249,50810,,1+,5
250,50811,,1+,5
251,50812,,1+,5
252,50813,,1+,5
253,50814,,1+,5
254,50815,,1+,5
255,50816,,1+,5
256,50817,,1+,5
257,50818,,1+,5
258,50819,,1+,8
259,50820,,10+,0
260,50821,,1+,8
261,50822,,1+,8
262,50823,,1+,5
263,50824,,1+,5
264,50825,,1+,5
265,50826,,1+,5
266,50827,,1+,5
267,50828,,1+,8
268,50829,,1+,5
269,50830,,1+,5
270,50831,,1+,5
271,50832,,1+,5
272,50833,,1+,5
273,50834,,1+,5
274,50835,,1+,5
275,50836,,1+,5
276,50837,,1+,5
277,50838,,1+,5
278,50839,,1+,5
279,50840,,1+,5
280,50841,,1+,5
281,50842,,1+,5
282,50843,,1+,5
283,50844,,10+,0
284,50845,,10+,0
285,50846,,1+,5
286,50847,,10+,0
287,50848,,1+,8
288,50849,,1+,0
289,50850,,1+,9
290,50851,,1+,9
291,50852,,1+,9
292,50853,,1+,3
293,50854,,1+,6
294,50855,,1+,5
295,50856,,1+,6
296,50857,,1+,6
297,50858,,10+,5
298,50859,,10+,0
299,50860,,10+,5
300,50861,,10+,0
301,50862,,10+,0
302,50863,,1+,9
303,50864,,1+,9
304,50865,,1+,9
305,50866,,1+,2
306,50867,,1+,2
307,50868,,1+,2
308,50869,,1+,2
309,50870,,1+,2
310,50871,,1+,8
311,50872,,1+,9
312,50873,,1+,9
313,50874,,1+,9
314,50875,,1+,9
315,50876,,1+,8
316,50877,,1+,5
317,50878,,1+,8
318,50879,,1+,8
319,50880,,10+,0
320,50881,,1+,8
321,50882,,1+,8
322,50883,,1+,8
323,50884,,10+,0
324,50885,,1+,8
325,50886,,1+,8
326,50887,,1+,8
327,50888,,1+,9
328,50889,,1+,9
329,50890,,100+,0
330,50891,,1+,8
331,50892,,1+,2
332,50893,,1+,2
333,50894,,1+,2
334,50895,,1+,2
335,50896,,1+,2
336,50897,,1+,9
337,50898,,1+,9
338,50899,,1+,9
339,50900,,1+,9
340,50901,,1+,8
341,50902,,10+,0
342,50903,,1+,3
343,50904,,1+,8
344,50905,,1+,9
345,50906,,1+,9
346,50907,,1+,9
347,50908,,1+,2
348,50909,,1+,2
349,50910,,1+,2
350,50911,,1+,2
351,50912,,1+,2
352,50913,,1+,2
353,50914,,1+,2
354,50915,,1+,8
355,50916,,1+,9
356,50917,,1+,9
357,50918,,1+,9
358,50919,,1+,9
359,50920,,1+,8
360,50921,,10+,0
361,50922,,1+,5
362,50923,,10+,0
363,50924,,1+,8
364,50925,,10+,0
365,50926,,1+,8
366,50927,,1+,8
367,50928,,1+,8
368,50929,,1+,8
369,50930,,1+,8
370,50931,,1+,8
371,50932,,1+,8
372,50933,,1+,8
373,50934,,1+,8
374,50935,,1+,8
375,50936,,1+,9
376,50937,,1+,9
377,50938,,1+,9
378,50939,,1+,2
379,50940,,1+,2
380,50941,,1+,2
381,50942,,1+,2
382,50943,,1+,2
383,50944,,1+,2
384,50945,,10+,2
385,50946,,1+,9
386,50947,,1+,9
387,50948,,1+,9
388,50949,,1+,9
389,50950,,1+,8
390,50951,,1+,8
391,50952,,1+,8
392,50953,,1+,3
393,50954,,1+,8
394,50955,,10+,5
395,50956,,10+,5
396,50957,,1+,9
397,50958,,1+,9
398,50959,,1+,9
399,50960,,1+,2
400,50961,,1+,2
401,50962,,1+,2
402,50963,,1+,2
403,50964,,1+,2
404,50965,,1+,8
405,50966,,1+,9
406,50967,,1+,9
407,50968,,1+,9
408,50969,,1+,9
409,50970,,1+,8
410,50971,,1+,8
411,50972,,1+,8
412,50973,,10+,0
413,50974,,1+,8
414,50975,,1+,8
415,50976,,10+,0
416,50977,,1+,8
417,50978,,1000+,0
418,50979,,1+,0
419,50980,,10+,0
420,50981,,1+,0
421,50982,,1+,0
422,50983,,1+,0
423,50984,,1+,8
424,50985,,1+,8
425,50986,,10+,0
426,50987,,1+,8
427,50988,,10+,0
428,50989,,100+,0
429,50990,,10+,0
430,50991,,10+,0
431,50992,,1+,8
432,50993,,1+,8
433,50994,,1+,9
434,50995,,1+,9
435,50996,,1+,9
436,50997,,1+,2
437,50998,,1+,2
438,50999,,1+,2
439,51000,,1+,2
440,51001,,1+,2
441,51002,,1+,2
442,51003,,1+,2
443,51004,,1+,9
444,51005,,1+,9
445,51006,,1+,9
446,51007,,1+,9
447,51008,,1+,3
448,51009,,1000+,0
449,51010,,1+,5
450,51011,,1+,8
451,51012,,1+,9
452,51013,,1+,9
453,51014,,1+,9
454,51015,,1+,2
455,51016,,1+,2
456,51017,,1+,2
457,51018,,1+,2
458,51019,,1+,2
459,51020,,1+,2
460,51021,,1+,2
461,51022,,1+,9
462,51023,,1+,9
463,51024,,1+,9
464,51025,,1+,9
465,51026,,1+,8
466,51027,,1+,8
467,51028,,10+,0
468,51029,,10+,0
469,51030,,10+,0
470,51031,,10+,0
471,51032,,10+,0
472,51033,,1+,8
473,51034,,10+,0
474,51035,,1+,8
475,51036,,1+,8
476,51037,,10+,0
477,51038,,1+,8
478,51039,,10+,0
479,51040,,1+,4
480,51041,,1+,4
481,51042,,1+,4
482,51043,,1+,4
483,51044,,1+,4
484,51045,,1+,4
485,51046,,1+,4
486,51047,,1+,4
487,51048,,1+,4
488,51049,,1+,4
489,51050,,1+,4
490,51051,,1+,4
491,51052,,1+,4
492,51053,,1+,4
493,51054,,1+,4
494,51055,,1+,4
495,51056,,1+,4
496,51057,,1+,4
497,51058,,1+,4
498,51059,,1+,4
499,51060,,1+,4
500,51061,,1+,4
501,51062,,1+,4
502,51063,,1+,4
503,51064,,1+,4
504,51065,,1+,4
505,51066,,1+,4
506,51067,,1+,4
507,51068,,1+,0
508,51069,,10+,0
509,51070,,10+,0
510,51071,,10+,0
511,51072,,10+,0
512,51073,,1+,7
513,51074,,10+,0
514,51075,,1+,8
515,51076,,1+,0
516,51077,,1+,0
517,51078,,1+,0
518,51079,,10+,0
519,51080,,1+,0
520,51081,,1+,0
521,51082,,1+,0
522,51083,,1+,0
523,51084,,1+,0
524,51085,,1+,0
525,51086,,1+,0
526,51087,,1+,0
527,51088,,1+,0
528,51089,,10+,0
529,51090,,1+,0
530,51091,,10+,0
531,51092,,1+,0
532,51093,,1+,0
533,51094,,1+,0
534,51095,,10+,0
535,51096,,10+,0
536,51097,,1+,0
537,51098,,1+,0
538,51099,,1+,7
539,51100,,10+,0
540,51101,,10+,0
541,51102,,10+,0
542,51103,,10+,0
543,51104,,10+,0
544,51105,,10+,0
545,51106,,1+,9
546,51107,,1+,9
547,51108,,1+,9
548,51109,,1+,2
549,51110,,1+,2
550,51111,,1+,2
551,51112,,1+,2
552,51113,,1+,2
553,51114,,1+,2
554,51115,,1+,9
555,51116,,1+,9
556,51117,,1+,9
557,51118,,1+,9
558,51119,,10+,0
559,51120,,10+,0
560,51121,,10+,0
561,51122,,10+,0
562,51123,,1+,7
563,51124,,10+,0
564,51125,,1+,7
565,51126,,10+,0
566,51127,,1+,4
567,51128,,10+,0
568,51129,,10+,0
569,51130,,10+,0
570,51131,,10+,0
571,51132,,10+,0
572,51133,,10+,0
573,51134,,10+,0
574,51135,,10+,0
575,51136,,10+,0
576,51137,,10+,0
577,51138,,1+,7
578,51139,,1+,3
579,51140,,1+,7
580,51141,,10+,0
581,51142,,1+,8
582,51143,,1+,7
583,51144,,1+,7
584,51145,,10+,0
585,51146,,1+,8
586,51147,,1+,7
587,51148,,1+,7
588,51149,,10+,0
589,51150,,1+,7
590,51151,,1+,7
591,51152,,10+,0
592,51153,,1+,7
593,51154,,1+,8
594,51155,,1+,7
595,51156,,10+,0
596,51157,,1+,7
597,51158,,1+,7
598,51159,,1+,7
599,51160,,1+,7
600,51161,,1+,7
601,51162,,1+,7
602,51163,,1+,7
603,51164,,1+,7
604,51165,,1+,7
605,51166,,1+,7
606,51167,,1+,7
607,51168,,1+,7
608,51169,,1+,7
609,51170,,1+,7
610,51171,,1+,7
611,51172,,1+,7
612,51173,,1+,7
613,51174,,1+,7
614,51175,,1+,7
615,51176,,1+,7
616,51177,,1+,7
617,51178,,1+,7
618,51179,,1+,7
619,51180,,1+,7
620,51181,,1+,7
621,51182,,1+,7
622,51183,,1+,7
623,51184,,1+,7
624,51185,,1+,7
625,51186,,1+,7
626,51187,,1+,7
627,51188,,1+,7
628,51189,,1+,7
629,51190,,1+,7
630,51191,,1+,7
631,51192,,1+,7
632,51193,,1+,7
633,51194,,1+,7
634,51195,,1+,7
635,51196,,1+,7
636,51197,,1+,7
637,51198,,1+,7
638,51199,,1+,7
639,51200,,1+,7
640,51201,,1+,7
641,51202,,1+,7
642,51203,,1+,7
643,51204,,1+,7
644,51205,,1+,7
645,51206,,1+,7
646,51207,,1+,7
647,51208,,1+,7
648,51209,,1+,7
649,51210,,1+,7
650,51211,,1+,7
651,51212,,1+,7
652,51213,,1+,7
653,51214,,1+,7
654,51215,,1+,7
655,51216,,1+,7
656,51217,,1+,7
657,51218,,1+,7
658,51219,,1+,7
659,51220,,1+,7
660,51221,,1+,7
661,51222,,1+,7
662,51223,,1+,7
663,51224,,1+,7
664,51225,,1+,7
665,51226,,1+,7
666,51227,,1+,7
667,51228,,1+,7
668,51229,,1+,7
669,51230,,1+,7
670,51231,,1+,7
671,51232,,1+,7
672,51233,,1+,7
673,51234,,1+,7
674,51235,,1+,7
675,51236,,1+,7
676,51237,,1+,7
677,51238,,1+,7
678,51239,,1+,7
679,51240,,1+,7
680,51241,,1+,7
681,51242,,1+,7
682,51243,,1+,7
683,51244,,1+,7
684,51245,,1+,7
685,51246,,1+,7
686,51247,,1+,7
687,51248,,1+,7
688,51249,,1+,7
689,51250,,1+,7
690,51251,,1+,7
691,51252,,1+,7
692,51253,,1+,7
693,51254,,1+,7
694,51255,,1+,7
695,51256,,1+,7
696,51257,,1+,7
697,51258,,1+,7
698,51259,,1+,7
699,51260,,1+,7
700,51261,,1+,7
701,51262,,1+,7
702,51263,,1+,7
703,51264,,1+,7
704,51265,,1+,7
705,51266,,1+,7
706,51267,,1+,7
707,51268,,1+,7
708,51269,,1+,7
709,51270,,1+,7
710,51271,,1+,7
711,51272,,1+,7
712,51273,,1+,7
713,51274,,1+,7
714,51275,,1+,7
715,51276,,1+,7
716,51277,,1+,7
717,51278,,1+,7
718,51279,,1+,7
719,51280,,1+,7
720,51281,,1+,7
721,51282,,1+,7
722,51283,,1+,7
723,51284,,1+,7
724,51285,,1+,7
725,51286,,1+,7
726,51287,,1+,7
727,51288,,1+,7
728,51289,,1+,7
729,51290,,1+,7
730,51291,,1+,7
731,51292,,1+,7
732,51293,,1+,7
733,51294,,1+,7
734,51295,,1+,7
735,51296,,1+,7
736,51297,,1+,7
737,51298,,1+,7
738,51299,,1+,7
739,51300,,1+,7
740,51301,,1+,7
741,51302,,1+,7
742,51303,,1+,7
743,51304,,1+,7
744,51305,,1+,7
745,51306,,1+,7
746,51307,,1+,7
747,51308,,1+,7
748,51309,,1+,7
749,51310,,1+,7
750,51311,,1+,7
751,51312,,1+,7
752,51313,,1+,7
753,51314,,1+,7
754,51315,,1+,7
755,51316,,1+,9
756,51317,,1+,9
757,51318,,1+,9
758,51319,,1+,2
759,51320,,1+,2
760,51321,,1+,2
761,51322,,1+,2
762,51323,,1+,2
763,51324,,1+,2
764,51325,,1+,2
765,51326,,1+,8
766,51327,,1+,7
767,51328,,1+,7
768,51329,,1+,7
769,51330,,1+,7
770,51331,,1+,7
771,51332,,1+,7
772,51333,,1+,7
773,51334,,1+,7
774,51335,,1+,7
775,51336,,1+,7
776,51337,,1+,7
777,51338,,1+,9
778,51339,,1+,9
779,51340,,1+,9
780,51341,,1+,9
781,51342,,1+,7
782,51343,,1+,7
783,51344,,1+,7
784,51345,,1+,7
785,51346,,10+,0
786,51347,,1+,8
787,51348,,10+,5
788,51349,,10+,0
789,51350,,100+,0
790,51351,,100+,0
791,51352,,100+,0
792,51353,,10+,0
793,51354,,1+,0
794,51355,,1+,8
795,51356,,10+,0
796,51357,,1+,8
797,51358,,10+,0
798,51359,,1+,8
799,51360,,1+,8
800,51361,,10+,0
801,51362,,1+,0
802,51363,,1+,8
803,51364,,1+,8
804,51365,,10+,0
805,51366,,1+,8
806,51367,,1+,8
807,51368,,1+,8
808,51369,,1+,8
809,51370,,1+,9
810,51371,,1+,9
811,51372,,1+,9
812,51373,,1+,9
813,51374,,1+,9
814,51375,,1+,9
815,51376,,1+,9
816,51377,,1+,8
817,51378,,1+,8
818,51379,,1+,3
819,51380,,10+,5
820,51381,,1+,8
821,51382,,100+,0
822,51383,,1+,8
823,51384,,1+,8
824,51385,,1+,9
825,51386,,1+,9
826,51387,,1+,9
827,51388,,1+,2
828,51389,,1+,2
829,51390,,1+,2
830,51391,,1+,2
831,51392,,1+,2
832,51393,,1+,2
833,51394,,1+,2
834,51395,,1+,8
835,51396,,1+,9
836,51397,,1+,9
837,51398,,1+,9
838,51399,,1+,9
839,51400,,1+,8
840,51401,,1+,5
841,51402,,1+,8
842,51403,,1+,8
843,51404,,10+,0
844,51405,,1+,8
845,51406,,1+,8
846,51407,,1+,0
847,51408,,1+,8
848,51409,,1+,8
849,51410,,10+,6
850,51411,,1+,5
851,51412,,1+,8
852,51413,,1+,8
853,51414,,10+,0
854,51415,,1+,8
855,51416,,1+,8
856,51417,,1+,9
857,51418,,1+,9
858,51419,,1+,9
859,51420,,1+,2
860,51421,,1+,2
861,51422,,1+,2
862,51423,,1+,2
863,51424,,1+,2
864,51425,,1+,2
865,51426,,1+,9
866,51427,,1+,9
867,51428,,1+,9
868,51429,,1+,9
869,51430,,1+,9
870,51431,,1+,8
871,51432,,1+,8
872,51433,,1+,8
873,51434,,1+,3
874,51435,,100+,0
875,51436,,10+,0
876,51437,,10+,5
877,51438,,1+,8
878,51439,,10+,0
879,51440,,10+,0
880,51441,,10+,0
881,51442,,10+,0
882,51443,,10+,0
883,51444,,10+,0
884,51445,,10+,0
885,51446,,1+,9
886,51447,,1+,9
887,51448,,1+,9
888,51449,,1+,2
889,51450,,1+,2
890,51451,,1+,2
891,51452,,1+,2
892,51453,,1+,2
893,51454,,1+,2
894,51455,,1+,2
895,51456,,1+,8
896,51457,,1+,9
897,51458,,1+,9
898,51459,,1+,9
899,51460,,1+,9
900,51461,,1+,9
901,51462,,10+,0
902,51463,,10+,0
903,51464,,10+,0
904,51465,,10+,0
905,51466,,1+,6
906,51467,,1+,0
907,51468,,1+,0
908,51469,,1+,0
909,51470,,1+,0
910,51471,,1+,6
911,51472,,1+,0
912,51473,,1+,0
913,51474,,1+,0
914,51475,,1+,6
915,51476,,1+,0
916,51477,,1+,0
917,51478,,1+,0
918,51479,,1+,6
919,51480,,1+,6
920,51481,,1+,6
921,51482,,1+,6
922,51483,,1+,6
923,51484,,1+,6
924,51485,,1+,6
925,51486,,1+,0
926,51487,,1+,0
927,51488,,1+,0
928,51489,,1+,0
929,51490,,1+,0
930,51491,,1+,0
931,51492,,1+,6
932,51493,,1+,0
933,51494,,1+,0
934,51495,,1+,6
935,51496,,1+,0
936,51497,,1+,0
937,51498,,1+,6
938,51499,,1+,6
939,51500,,1+,6
940,51501,,1+,6
941,51502,,1+,6
942,51503,,1+,6
943,51504,,1+,0
944,51505,,1+,0
945,51506,,1+,0
946,51507,,1+,0
947,51508,,1+,0
948,51509,,1+,0
949,51510,,10+,0
950,51511,,1+,0
951,51512,,1+,0
952,51513,,1+,0
953,51514,,1+,6
954,51515,,1+,6
955,51516,,1+,6
956,51517,,100+,0
957,51518,,1+,5
958,51519,,1+,5
959,51520,,1+,6
960,51521,,1+,6
961,51522,,10+,0
962,51523,,10+,0
963,51524,,1+,8
964,51525,,1+,5
965,51526,,1+,5
966,51527,,1+,5
967,51528,,1+,5
968,51529,,1+,5
969,51530,,1+,5
970,51531,,1+,5
971,51532,,1+,5
972,51533,,1+,5
973,51534,,1+,5
974,51535,,1+,5
975,51536,,1+,5
976,51537,,1+,5
977,51538,,1+,5
978,51539,,1+,5
979,51540,,1+,6
980,51541,,1+,8
981,51542,,1+,6
982,51543,,1+,4
983,51544,,1+,4
984,51545,,1+,4
985,51546,,1+,4
986,51547,,1+,4
987,51548,,1+,4
988,51549,,1+,4
989,51550,,1+,4
990,51551,,1+,4
991,51552,,1+,4
992,51553,,1+,4
993,51554,,10+,0
994,51555,,10+,0
995,51556,,10+,0
996,51557,,10+,0
997,51558,,10+,0
998,51559,,10+,0
999,51560,,1+,6
1000,51561,,1+,6
1001,51562,,1+,6
1002,51563,,1+,6
1003,51564,,1+,6
1004,51565,,1+,6
1005,51566,,1+,6
1006,51567,,1+,6
1007,51568,,1+,6
1008,51569,,1+,6
1009,51570,,1+,6
1010,51571,,1+,6
1011,51572,,1+,6
1012,51573,,1+,6
1013,51574,,1+,6
1014,51575,,1+,6
1015,51576,,1+,6
1016,51577,,1+,6
1017,51578,,1+,8
1018,51579,,10+,0
1019,51580,,1+,0
1020,51581,,1+,0
1021,51582,,1+,0
1022,51583,,1+,0
1023,51584,,1+,0
1024,51585,,10+,0
1025,51586,,10+,0
1026,51587,,1+,0
1027,51588,,1+,0
1028,51589,,1+,0
1029,51590,,1+,0
1030,51591,,10+,0
1031,51592,,1+,0
1032,51593,,1+,0
1033,51594,,1+,0
1034,51595,,1+,0
1035,51596,,1+,0
1036,51597,,1+,0
1037,51598,,1+,0
1038,51599,,1+,0
1039,51600,,1+,0
1040,51601,,1+,0
1041,51602,,1+,0
1042,51603,,1+,0
1043,51604,,1+,0
1044,51605,,1+,0
1045,51606,,1+,0
1046,51607,,1+,0
1047,51608,,1+,0
1048,51609,,1+,0
1049,51610,,1+,0
1050,51611,,1+,0
1051,51612,,1+,0
1052,51613,,1+,0
1053,51614,,1+,4
1054,51615,,1+,4
1055,51616,,1+,4
1056,51617,,1+,4
1057,51618,,1+,4
1058,51619,,1+,4
1059,51620,,1+,4
1060,51621,,1+,4
1061,51622,,1+,4
1062,51623,,1+,4
1063,51624,,1+,4
1064,51625,,1+,4
1065,51626,,1+,4
1066,51627,,1+,4
1067,51628,,1+,4
1068,51629,,1+,4
1069,51630,,1+,4
1070,51631,,1+,4
1071,51632,,1+,4
1072,51633,,1+,4
1073,51634,,1+,4
1074,51635,,1+,4
1075,51636,,1+,4
1076,51637,,1+,4
1077,51638,,1+,4
1078,51639,,1+,4
1079,51640,,1+,4
1080,51641,,1+,4
1081,51642,,1+,4
1082,51643,,1+,4
1083,51644,,1+,0
1084,51645,,1+,0
1085,51646,,1+,0
1086,51647,,1+,0
1087,51648,,1+,4
1088,51649,,1+,4
1089,51650,,1+,4
1090,51651,,1+,4
1091,51652,,1+,4
1092,51653,,1+,4
1093,51654,,1+,4
1094,51655,,1+,4
1095,51656,,1+,4
1096,51657,,1+,4
1097,51658,,1+,4
1098,51659,,1+,4
1099,51660,,1+,4
1100,51661,,1+,4
1101,51662,,1+,4
1102,51663,,1+,4
1103,51664,,1+,4
1104,51665,,1+,4
1105,51666,,1+,4
1106,51667,,1+,4
1107,51668,,1+,4
1108,51669,,1+,4
1109,51670,,1+,4
1110,51671,,1+,4
1111,51672,,1+,4
1112,51673,,1+,4
1113,51674,,1+,4
1114,51675,,1+,4
1115,51676,,1+,4
1116,51677,,1+,4
1117,51678,,1+,0
1118,51679,,1+,0
1119,51680,,1+,0
1120,51681,,100+,0
1121,51682,,1+,4
1122,51683,,1+,4
1123,51684,,1+,4
1124,51685,,1+,4
1125,51686,,1+,4
1126,51687,,1+,4
1127,51688,,1+,4
1128,51689,,1+,4
1129,51690,,1+,4
1130,51691,,1+,4
1131,51692,,1+,4
1132,51693,,1+,4
1133,51694,,1+,4
1134,51695,,1+,4
1135,51696,,1+,4
1136,51697,,1+,4
1137,51698,,1+,4
1138,51699,,1+,4
1139,51700,,1+,4
1140,51701,,1+,4
1141,51702,,1+,4
1142,51703,,1+,4
1143,51704,,1+,4
1144,51705,,1+,4
1145,51706,,1+,4
1146,51707,,1+,4
1147,51708,,1+,4
1148,51709,,1+,4
1149,51710,,1+,4
1150,51711,,1+,4
1151,51712,,1+,4
1152,51713,,1+,4
1153,51714,,1+,4
1154,51715,,1+,4
1155,51716,,1+,4
1156,51717,,1+,4
1157,51718,,1+,4
1158,51719,,1+,4
1159,51720,,1+,4
1160,51721,,1+,4
1161,51722,,1+,4
1162,51723,,1+,4
1163,51724,,1+,4
1164,51725,,1+,4
1165,51726,,1+,4
1166,51727,,1+,4
1167,51728,,1+,4
1168,51729,,1+,4
1169,51730,,1+,4
1170,51731,,1+,4
1171,51732,,1+,4
1172,51733,,1+,4
1173,51734,,10+,0
1174,51735,,10+,0
1175,51736,,10+,0
1176,51737,,1+,4
1177,51738,,1+,4
1178,51739,,1+,4
1179,51740,,1+,4
1180,51741,,1+,4
1181,51742,,1+,4
1182,51743,,1+,4
1183,51744,,1+,4
1184,51745,,1+,4
1185,51746,,1+,4
1186,51747,,1+,4
1187,51748,,1+,4
1188,51749,,1+,4
1189,51750,,100+,0
1190,51751,,10+,0
1191,51752,,10+,0
1192,51753,,10+,0
1193,51754,,10+,0
1194,51755,,10+,0
1195,51756,,10+,0
1196,51757,,1+,6
1197,51758,,1+,6
1198,51759,,1+,6
1199,51760,,10+,0
1200,51761,,10+,0
1201,51762,,1+,6
1202,51763,,1+,8
1203,51764,,100+,0
1204,51765,,1+,4
1205,51766,,1+,4
1206,51767,,1+,4
1207,51768,,1+,4
1208,51769,,1+,4
1209,51770,,1+,4
1210,51771,,1+,4
1211,51772,,1+,4
1212,51773,,1+,4
1213,51774,,1+,4
1214,51775,,1+,4
1215,51776,,1+,4
1216,51777,,1+,4
1217,51778,,1+,4
1218,51779,,1+,4
1219,51780,,1+,4
1220,51781,,1+,4
1221,51782,,1+,4
1222,51783,,1+,4
1223,51784,,1+,4
1224,51785,,1+,4
1225,51786,,1+,4
1226,51787,,1+,4
1227,51788,,1+,4
1228,51789,,1+,4
1229,51790,,1+,4
1230,51791,,1+,4
1231,51792,,1+,4
1232,51793,,1+,4
1233,51794,,1+,4
1234,51795,,1+,4
1235,51796,,1+,4
1236,51797,,1+,4
1237,51798,,1+,4
1238,51799,,1+,4
1239,51800,,1+,4
1240,51801,,1+,4
1241,51802,,1+,4
1242,51803,,1+,4
1243,51804,,1+,4
1244,51805,,1+,4
1245,51806,,1+,4
1246,51807,,1+,4
1247,51808,,1+,4
1248,51809,,1+,4
1249,51810,,100+,0
1250,51811,,1+,4
1251,51812,,1+,4
1252,51813,,1+,4
1253,51814,,1+,4
1254,51815,,1+,4
1255,51816,,1+,4
1256,51817,,1+,4
1257,51818,,1+,4
1258,51819,,1+,4
1259,51820,,1+,4
1260,51821,,1+,4
1261,51822,,1+,4
1262,51823,,1+,4
1263,51824,,1+,4
1264,51825,,1+,4
1265,51826,,1+,4
1266,51827,,1+,4
1267,51828,,1+,4
1268,51829,,1+,4
1269,51830,,1+,4
1270,51831,,10+,0
1271,51832,,1+,4
1272,51833,,1+,4
1273,51834,,1+,4
1274,51835,,1+,4
1275,51836,,1+,4
1276,51837,,1+,4
1277,51838,,10+,0
1278,51839,,10+,0
1279,51840,,10+,0
1280,51841,,10+,0
1281,51842,,10+,0
1282,51843,,10+,0
1283,51844,,10+,0
1284,51845,,10+,0
1285,51846,,1+,6
1286,51847,,1+,6
1287,51848,,1+,6
1288,51849,,1+,6
1289,51850,,1+,6
1290,51851,,1+,6
1291,51852,,1+,6
1292,51853,,1+,6
1293,51854,,1+,6
1294,51855,,1+,6
1295,51856,,1+,6
1296,51857,,1+,6
1297,51858,,1+,6
1298,51859,,1+,6
1299,51860,,1+,6
1300,51861,,1+,6
1301,51862,,1+,6
1302,51863,,1+,6
1303,51864,,1+,6
1304,51865,,1+,6
1305,51866,,1+,6
1306,51867,,10+,0
1307,51868,,1+,6
1308,51869,,1+,6
1309,51870,,1+,6
1310,51871,,1+,6
1311,51872,,1+,6
1312,51873,,1+,6
1313,51874,,1+,6
1314,51875,,1+,6
1315,51876,,1+,6
1316,51877,,1+,6
1317,51878,,1+,6
1318,51879,,1+,6
1319,51880,,1+,6
1320,51881,,1+,6
1321,51882,,1+,6
1322,51883,,1+,6
1323,51884,,1+,6
1324,51885,,1+,6
1325,51886,,10+,8
1326,51887,,1+,6
1327,51888,,1+,6
1328,51889,,1+,6
1329,51890,,1+,6
1330,51891,,1+,6
1331,51892,,1+,6
1332,51893,,10+,0
1333,51894,,10+,0
1334,51895,,10+,0
1335,51896,,10+,0
1336,51897,,1+,0
1337,51898,,1+,0
1338,51899,,1+,0
1339,51900,,1+,0
1340,51901,,1+,0
1341,51902,,1+,0
1342,51903,,1+,0
1343,51904,,1+,0
1344,51905,,10+,0
1345,51906,,10+,0
1346,51907,,10+,0
1347,51908,,10+,0
1348,51909,,1+,8
1349,51910,,1+,8
1350,51911,,1+,6
1351,51912,,1+,4
1352,51913,,1+,4
1353,51914,,1+,4
1354,51915,,1+,4
1355,51916,,1+,4
1356,51917,,1+,4
1357,51918,,1+,4
1358,51919,,1+,4
1359,51920,,1+,4
1360,51921,,1+,4
1361,51922,,1+,4
1362,51923,,1+,4
1363,51924,,1+,4
1364,51925,,1+,4
1365,51926,,1+,0
1366,51927,,1+,0
1367,51928,,1+,0
1368,51929,,1+,0
1369,51930,,1+,0
1370,51931,,1+,4
1371,51932,,1+,4
1372,51933,,1+,4
1373,51934,,1+,4
1374,51935,,1+,4
1375,51936,,1+,4
1376,51937,,1+,4
1377,51938,,1+,4
1378,51939,,1+,4
1379,51940,,1+,4
1380,51941,,1+,4
1381,51942,,1+,4
1382,51943,,1+,4
1383,51944,,1+,4
1384,51945,,1+,0
1385,51946,,1+,0
1386,51947,,1+,0
1387,51948,,1+,0
1388,51949,,1+,0
1389,51950,,10+,8
1390,51951,,1+,5
1391,51952,,1+,5
1392,51953,,1+,5
1393,51954,,1+,5
1394,51955,,1+,5
1395,51956,,1+,5
1396,51957,,1+,5
1397,51958,,1+,5
1398,51959,,1+,5
1399,51960,,1+,5
1400,51961,,10+,0
1401,51962,,10+,0
1402,51963,,10+,0
1403,51964,,1+,4
1404,51965,,1+,4
1405,51966,,1+,4
1406,51967,,1+,4
1407,51968,,1+,4
1408,51969,,1+,4
1409,51970,,1+,4
1410,51971,,1+,4
1411,51972,,1+,4
1412,51973,,1+,4
1413,51974,,1+,4
1414,51975,,1+,4
1415,51976,,1+,4
1416,51977,,1+,4
1417,51978,,1+,4
1418,51979,,1+,4
1419,51980,,1+,4
1420,51981,,1+,4
1421,51982,,1+,4
1422,51983,,1+,4
1423,51984,,1+,4
1424,51985,,1+,4
1425,51986,,1+,4
1426,51987,,1+,4
1427,51988,,1+,4
1428,51989,,1+,4
1429,51990,,1+,4
1430,51991,,1+,4
1431,51992,,1+,4
1432,51993,,1+,4
1433,51994,,1+,4
1434,51995,,1+,4
1435,51996,,1+,4
1436,51997,,1+,4
1437,51998,,1+,4
1438,51999,,1+,8
1439,52000,,1+,4
1440,52001,,1+,4
1441,52002,,1+,4
1442,52003,,1+,4
1443,52004,,1+,4
1444,52005,,1+,4
1445,52006,,1+,4
1446,52007,,1+,4
1447,52008,,1+,4
1448,52009,,1+,4
1449,52010,,10+,0
1450,52011,,1+,6
1451,52012,,1+,6
1452,52013,,1+,6
1453,52014,,1+,6
1454,52015,,1+,6
1455,52016,,1+,6
1456,52017,,1+,4
1457,52018,,1+,4
1458,52019,,1+,4
1459,52020,,1+,4
1460,52021,,1+,4
1461,52022,,1+,4
1462,52023,,1+,4
1463,52024,,1+,4
1464,52025,,1+,4
1465,52026,,1+,4
1466,52027,,1+,4
1467,52028,,1+,4
1468,52029,,1+,4
1469,52030,,1+,4
1470,52031,,1+,4
1471,52032,,1+,4
1472,52033,,1+,4
1473,52034,,10+,0
1474,52035,,10+,0
1475,52036,,1+,6
1476,52037,,1+,6
1477,52038,,1+,4
1478,52039,,1+,4
1479,52040,,1+,4
1480,52041,,1+,4
1481,52042,,1+,4
1482,52043,,1+,4
1483,52044,,1+,4
1484,52045,,1+,4
1485,52046,,1+,4
1486,52047,,1+,4
1487,52048,,1+,4
1488,52049,,1+,4
1489,52050,,1+,4
1490,52051,,1+,4
1491,52052,,1+,4
1492,52053,,1+,4
1493,52054,,1+,4
1494,52055,,1+,6
1495,52056,,1+,6
1496,52057,,1+,6
1497,52058,,1+,6
1498,52059,,1+,6
1499,52060,,1+,6
1500,52061,,10+,0
1501,52062,,100+,0
1502,52063,,10+,0
1503,52064,,1+,4
1504,52065,,1+,4
1505,52066,,1+,4
1506,52067,,1+,4
1507,52068,,1+,4
1508,52069,,1+,4
1509,52070,,1+,4
1510,52071,,1+,4
1511,52072,,1+,4
1512,52073,,1+,4
1513,52074,,1+,4
1514,52075,,1+,4
1515,52076,,1+,4
1516,52077,,1+,4
1517,52078,,1+,4
1518,52079,,1+,4
1519,52080,,1+,4
1520,52081,,1+,4
1521,52082,,1+,4
1522,52083,,1+,4
1523,52084,,1+,4
1524,52085,,1+,4
1525,52086,,1+,4
1526,52087,,1+,4
1527,52088,,1+,4
1528,52089,,1+,4
1529,52090,,1+,4
1530,52091,,1+,4
1531,52092,,1+,4
1532,52093,,1+,4
1533,52094,,1+,4
1534,52095,,10+,0
1535,52096,,100+,0
1536,52097,,10+,0
1537,52098,,1+,0
1538,52099,,1+,0
1539,52100,,1+,0
1540,52101,,1+,0
1541,52102,,1+,0
1542,52103,,1+,0
1543,52104,,1+,0
1544,52105,,1+,0
1545,52106,,10+,0
1546,52107,,10+,0
1547,52108,,10+,0
1548,52109,,1+,0
1549,52110,,1+,0
1550,52111,,1+,0
1551,52112,,1+,0
1552,52113,,1+,0
1553,52114,,1+,0
1554,52115,,1+,0
1555,52116,,1+,0
1556,52117,,1+,0
1557,52118,,10+,0
1558,52119,,1+,4
1559,52120,,1+,4
1560,52121,,1+,4
1561,52122,,1+,4
1562,52123,,1+,4
1563,52124,,1+,4
1564,52125,,1+,4
1565,52126,,1+,4
1566,52127,,1+,4
1567,52128,,1+,4
1568,52129,,1+,4
1569,52130,,1+,4
1570,52131,,1+,4
1571,52132,,1+,4
1572,52133,,1+,4
1573,52134,,1+,4
1574,52135,,1+,4
1575,52136,,1+,4
1576,52137,,1+,4
1577,52138,,1+,4
1578,52139,,1+,4
1579,52140,,1+,4
1580,52141,,1+,4
1581,52142,,1+,4
1582,52143,,1+,4
1583,52144,,1+,4
1584,52145,,1+,4
1585,52146,,1+,4
1586,52147,,1+,4
1587,52148,,1+,4
1588,52149,,1+,4
1589,52150,,1+,4
1590,52151,,1+,4
1591,52152,,1+,4
1592,52153,,1+,4
1593,52154,,1+,4
1594,52155,,1+,4
1595,52156,,1+,4
1596,52157,,1+,4
1597,52158,,1+,4
1598,52159,,1+,4
1599,52160,,1+,4
1600,52161,,1+,4
1601,52162,,1+,4
1602,52163,,1+,4
1603,52164,,1+,4
1604,52165,,1+,4
1605,52166,,1+,4
1606,52167,,1+,4
1607,52168,,1+,4
1608,52169,,1+,4
1609,52170,,1+,4
1610,52171,,1+,4
1611,52172,,1+,4
1612,52173,,1+,4
1613,52174,,1+,4
1614,52175,,1+,4
1615,52176,,1+,4
1616,52177,,1+,4
1617,52178,,1+,4
1618,52179,,1+,4
1619,52180,,1+,4
1620,52181,,1+,4
1621,52182,,1+,4
1622,52183,,1+,4
1623,52184,,1+,4
1624,52185,,1+,4
1625,52186,,1+,4
1626,52187,,1+,4
1627,52188,,1+,4
1628,52189,,1+,4
1629,52190,,1+,4
1630,52191,,1+,4
1631,52192,,1+,4
1632,52193,,1+,4
1633,52194,,1+,4
1634,52195,,1+,4
1635,52196,,1+,4
1636,52197,,1+,4
1637,52198,,1+,4
1638,52199,,1+,4
1639,52200,,1+,4
1640,52201,,1+,4
1641,52202,,1+,4
1642,52203,,1+,4
1643,52204,,1+,4
1644,52205,,1+,4
1645,52206,,1+,4
1646,52207,,1+,4
1647,52208,,1+,4
1648,52209,,1+,4
1649,52210,,1+,4
1650,52211,,1+,4
1651,52212,,1+,4
1652,52213,,1+,4
1653,52214,,1+,4
1654,52215,,1+,4
1655,52216,,1+,4
1656,52217,,1+,4
1657,52218,,1+,4
1658,52219,,1+,4
1659,52220,,1+,4
1660,52221,,1+,4
1661,52222,,1+,4
1662,52223,,1+,4
1663,52224,,1+,4
1664,52225,,1+,4
1665,52226,,1+,4
1666,52227,,1+,4
1667,52228,,1+,4
1668,52229,,1+,4
1669,52230,,1+,4
1670,52231,,1+,4
1671,52232,,1+,4
1672,52233,,1+,4
1673,52234,,1+,4
1674,52235,,1+,4
1675,52236,,1+,4
1676,52237,,1+,0
1677,52238,,1+,0
1678,52239,,1+,0
1679,52240,,10+,0
1680,52241,,1+,0
1681,52242,,1+,0
1682,52243,,1+,0
1683,52244,,1+,0
1684,52245,,1+,0
1685,52246,,1+,0
1686,52247,,1+,0
1687,52248,,1+,0
1688,52249,,1+,0
1689,52250,,1+,0
1690,52251,,10+,0
1691,52252,,1+,0
1692,52253,,1+,0
1693,52254,,1+,0
1694,52255,,1+,0
1695,52256,,1+,0
1696,52257,,1+,0
1697,52258,,1+,5
1698,52259,,10+,0
1699,52260,,1+,5
1700,52261,,1+,8
1701,52262,,1+,9
1702,52263,,1+,9
1703,52264,,1+,9
1704,52265,,1+,2
1705,52266,,1+,2
1706,52267,,1+,2
1707,52268,,1+,2
1708,52269,,1+,8
1709,52270,,1+,2
1710,52271,,1+,2
1711,52272,,1+,2
1712,52273,,1+,9
1713,52274,,1+,9
1714,52275,,1+,9
1715,52276,,1+,9
1716,52277,,1+,9
1717,52278,,1+,8
1718,52279,,1+,5
1719,52280,,10+,0
1720,52281,,100+,0
1721,52282,,1+,3
1722,52283,,10+,0
1723,52284,,10+,0
1724,52285,,10+,0
1725,52286,,1+,9
1726,52287,,1+,9
1727,52288,,1+,9
1728,52289,,1+,2
1729,52290,,1+,2
1730,52291,,1+,2
1731,52292,,1+,2
1732,52293,,1+,2
1733,52294,,1+,2
1734,52295,,1+,2
1735,52296,,1+,8
1736,52297,,1+,9
1737,52298,,1+,9
1738,52299,,1+,9
1739,52300,,1+,9
1740,52301,,1+,9
1741,52302,,10+,0
1742,52303,,1+,8
1743,52304,,1+,5
1744,52305,,1+,8
1745,52306,,1+,8
1746,52307,,1+,8
1747,52308,,10+,0
1748,52309,,1+,8
1749,52310,,1+,8
1750,52311,,1+,8
1751,52312,,1+,0
1752,52313,,10+,0
1753,52314,,10+,0
1754,52315,,1+,8
1755,52316,,1+,8
1756,52317,,1+,8
1757,52318,,1+,9
1758,52319,,1+,9
1759,52320,,1+,9
1760,52321,,1+,2
1761,52322,,10+,2
1762,52323,,1+,2
1763,52324,,1+,2
1764,52325,,1+,2
1765,52326,,1+,2
1766,52327,,1+,9
1767,52328,,1+,9
1768,52329,,1+,9
1769,52330,,1+,9
1770,52331,,1+,9
1771,52332,,1+,8
1772,52333,,1+,8
1773,52334,,10+,0
1774,52335,,1+,3
1775,52336,,1+,8
1776,52337,,1+,9
1777,52338,,1+,9
1778,52339,,1+,9
1779,52340,,1+,2
1780,52341,,1+,2
1781,52342,,1+,2
1782,52343,,1+,2
1783,52344,,1+,2
1784,52345,,1+,2
1785,52346,,1+,2
1786,52347,,1+,8
1787,52348,,1+,9
1788,52349,,1+,9
1789,52350,,1+,9
1790,52351,,1+,9
1791,52352,,1+,9
1792,52353,,10+,0
1793,52354,,1+,8
1794,52355,,1+,8
1795,52356,,1+,5
1796,52357,,1+,0
1797,52358,,1+,8
1798,52359,,1+,8
1799,52360,,1+,8
1800,52361,,1+,8
1801,52362,,1+,8
1802,52363,,1+,8
1803,52364,,1+,8
1804,52365,,1+,0
1805,52366,,10+,0
1806,52367,,1+,8
1807,52368,,1+,8
1808,52369,,1+,8
1809,52370,,1+,9
1810,52371,,1+,2
1811,52372,,1+,2
1812,52373,,1+,2
1813,52374,,1+,2
1814,52375,,1+,9
1815,52376,,1+,9
1816,52377,,1+,9
1817,52378,,1+,9
1818,52379,,1+,9
1819,52380,,1+,8
1820,52381,,1+,3
1821,52382,,10+,5
1822,52383,,10+,0
1823,52384,,1+,9
1824,52385,,1+,9
1825,52386,,1+,9
1826,52387,,1+,2
1827,52388,,1+,2
1828,52389,,1+,2
1829,52390,,1+,2
1830,52391,,1+,2
1831,52392,,1+,2
1832,52393,,1+,2
1833,52394,,1+,8
1834,52395,,1+,9
1835,52396,,1+,9
1836,52397,,1+,9
1837,52398,,1+,9
1838,52399,,1+,9
1839,52400,,1+,8
1840,52401,,10+,0
1841,52402,,10+,0
1842,52403,,10+,0
1843,52404,,10+,0
1844,52405,,10+,0
1845,52406,,10+,0
1846,52407,,10+,5
1847,52408,,1+,8
1848,52409,,1+,8
1849,52410,,1+,0
1850,52411,,1+,8
1851,52412,,1+,8
1852,52413,,1+,8
1853,52414,,1+,8
1854,52415,,1+,8
1855,52416,,1+,8
1856,52417,,10+,0
1857,52418,,1+,8
1858,52419,,1+,8
1859,52420,,1+,9
1860,52421,,1+,9
1861,52422,,1+,9
1862,52423,,1+,2
1863,52424,,1+,2
1864,52425,,1+,2
1865,52426,,1+,2
1866,52427,,1+,2
1867,52428,,1+,2
1868,52429,,1+,2
1869,52430,,1+,9
1870,52431,,1+,9
1871,52432,,1+,9
1872,52433,,1+,9
1873,52434,,1+,8
1874,52435,,1+,8
1875,52436,,1+,3
1876,52437,,1+,3
1877,52438,,1+,3
1878,52439,,1+,3
1879,52440,,1+,3
1880,52441,,1+,3
1881,52442,,1+,8
1882,52443,,1+,3
1883,52444,,1+,6
1884,52445,,10+,5
1885,52446,,1+,9
1886,52447,,1+,9
1887,52448,,1+,9
1888,52449,,1+,2
1889,52450,,1+,2
1890,52451,,1+,2
1891,52452,,1+,2
1892,52453,,1+,2
1893,52454,,1+,2
1894,52455,,1+,8
1895,52456,,1+,9
1896,52457,,1+,9
1897,52458,,1+,9
1898,52459,,1+,9
1899,52460,,1+,9
1900,52461,,10+,0
1901,52462,,10+,0
1902,52463,,1+,8
1903,52464,,1+,5
1904,52465,,1+,8
1905,52466,,1+,8
1906,52467,,1+,8
1907,52468,,1+,8
1908,52469,,1+,8
1909,52470,,1+,8
1910,52471,,1+,8
1911,52472,,1+,0
1912,52473,,1+,8
1913,52474,,1+,0
1914,52475,,1+,8
1915,52476,,10+,8
1916,52477,,1+,9
1917,52478,,1+,9
1918,52479,,1+,9
1919,52480,,1+,2
1920,52481,,1+,2
1921,52482,,1+,2
1922,52483,,1+,2
1923,52484,,1+,2
1924,52485,,10+,2
1925,52486,,1+,9
1926,52487,,1+,9
1927,52488,,1+,9
1928,52489,,1+,9
1929,52490,,1+,9
1930,52491,,1+,8
1931,52492,,1+,3
1932,52493,,1+,5
1933,52494,,1+,9
1934,52495,,1+,9
1935,52496,,1+,9
1936,52497,,1+,2
1937,52498,,1+,2
1938,52499,,1+,2
1939,52500,,1+,2
1940,52501,,1+,2
1941,52502,,1+,2
1942,52503,,1+,2
1943,52504,,1+,2
1944,52505,,1+,8
1945,52506,,1+,9
1946,52507,,1+,9
1947,52508,,1+,9
1948,52509,,1+,9
1949,52510,,1+,9
1950,52511,,1+,8
1951,52512,,10+,0
1952,52513,,1+,8
1953,52514,,1+,8
1954,52515,,1+,8
1955,52516,,1+,8
1956,52517,,1+,8
1957,52518,,1+,8
1958,52519,,1+,8
1959,52520,,1+,0
1960,52521,,10+,0
1961,52522,,1+,8
1962,52523,,1+,8
1963,52524,,1+,9
1964,52525,,1+,9
1965,52526,,1+,8
1966,52527,,1+,2
1967,52528,,1+,2
1968,52529,,1+,2
1969,52530,,1+,2
1970,52531,,1+,2
1971,52532,,1+,2
1972,52533,,1+,2
1973,52534,,1+,2
1974,52535,,1+,9
1975,52536,,1+,9
1976,52537,,1+,9
1977,52538,,1+,9
1978,52539,,1+,9
1979,52540,,1+,3
1980,52541,,1+,5
1981,52542,,1+,5
1982,52543,,1+,8
1983,52544,,1+,8
1984,52545,,100+,0
1985,52546,,1+,8
1986,52547,,1+,7
1987,52548,,10+,0
1988,52549,,1+,7
1989,52550,,10+,0
1990,52551,,10+,0
1991,52552,,1+,7
1992,52553,,1+,7
1993,52554,,10+,0
1994,52555,,1+,7
1995,52556,,10+,0
1996,52557,,1+,7
1997,52558,,10+,0
1998,52559,,1+,9
1999,52560,,1+,9
2000,52561,,1+,9
2001,52562,,1+,2
2002,52563,,1+,2
2003,52564,,1+,2
2004,52565,,1+,2
2005,52566,,1+,2
2006,52567,,1+,2
2007,52568,,1+,2
2008,52569,,1+,2
2009,52570,,1+,8
2010,52571,,1+,9
2011,52572,,1+,9
2012,52573,,1+,9
2013,52574,,1+,9
2014,52575,,1+,9
2015,52576,,1+,7
2016,52577,,1+,7
2017,52578,,10+,0
2018,52579,,1+,7
2019,52580,,10+,0
2020,52581,,1+,7
2021,52582,,10+,0
2022,52583,,1+,8
2023,52584,,1+,7
2024,52585,,1+,7
2025,52586,,1+,7
2026,52587,,1+,7
2027,52588,,1+,7
2028,52589,,1+,7
2029,52590,,1+,7
2030,52591,,1+,7
2031,52592,,1+,8
2032,52593,,10+,0
2033,52594,,1+,7
2034,52595,,1+,7
2035,52596,,1+,7
2036,52597,,1+,7
2037,52598,,1+,7
2038,52599,,1+,7
2039,52600,,1+,7
2040,52601,,1+,7
2041,52602,,1+,7
2042,52603,,1+,7
2043,52604,,1+,7
2044,52605,,1+,7
2045,52606,,1+,7
2046,52607,,1+,7
2047,52608,,1+,7
2048,52609,,1+,7
2049,52610,,1+,7
2050,52611,,1+,7
2051,52612,,1+,8
2052,52613,,1+,7
2053,52614,,1+,7
2054,52615,,1+,7
2055,52616,,1+,7
2056,52617,,1+,7
2057,52618,,1+,7
2058,52619,,1+,7
2059,52620,,1+,7
2060,52621,,1+,8
2061,52622,,1+,7
2062,52623,,1+,7
2063,52624,,1+,7
2064,52625,,1+,7
2065,52626,,1+,7
2066,52627,,1+,7
2067,52628,,1+,7
2068,52629,,1+,7
2069,52630,,1+,7
2070,52631,,1+,7
2071,52632,,1+,7
2072,52633,,1+,7
2073,52634,,1+,7
2074,52635,,1+,7
2075,52636,,1+,7
2076,52637,,1+,7
2077,52638,,1+,7
2078,52639,,1+,5
2079,52640,,1+,5
2080,52641,,1+,8
2081,52642,,1+,5
2082,52643,,1+,5
2083,52644,,1+,5
2084,52645,,1+,7
2085,52646,,1+,5
2086,52647,,1+,5
2087,52648,,1+,7
2088,52649,,1+,7
2089,52650,,1+,5
2090,52651,,1+,7
2091,52652,,1+,7
2092,52653,,1+,7
2093,52654,,1+,7
2094,52655,,1+,7
2095,52656,,1+,8
2096,52657,,1+,5
2097,52658,,1+,5
2098,52659,,1+,7
2099,52660,,1+,5
2100,52661,,1+,5
2101,52662,,1+,7
2102,52663,,1+,7
2103,52664,,1+,7
2104,52665,,1+,7
2105,52666,,1+,7
2106,52667,,1+,7
2107,52668,,1+,5
2108,52669,,1+,7
2109,52670,,1+,5
2110,52671,,1+,5
2111,52672,,1+,5
2112,52673,,1+,7
2113,52674,,1+,5
2114,52675,,1+,5
2115,52676,,1+,7
2116,52677,,1+,7
2117,52678,,1+,7
2118,52679,,1+,5
2119,52680,,1+,7
2120,52681,,1+,7
2121,52682,,1+,5
2122,52683,,1+,7
2123,52684,,1+,7
2124,52685,,1+,7
2125,52686,,1+,7
2126,52687,,1+,7
2127,52688,,1+,7
2128,52689,,1+,7
2129,52690,,1+,7
2130,52691,,1+,7
2131,52692,,1+,7
2132,52693,,1+,7
2133,52694,,1+,7
2134,52695,,1+,7
2135,52696,,1+,7
2136,52697,,1+,7
2137,52698,,1+,7
2138,52699,,1+,7
2139,52700,,1+,7
2140,52701,,1+,7
2141,52702,,1+,7
2142,52703,,10+,0
2143,52704,,1+,7
2144,52705,,1+,7
2145,52706,,1+,7
2146,52707,,1+,7
2147,52708,,1+,7
2148,52709,,1+,7
2149,52710,,1+,7
2150,52711,,1+,7
2151,52712,,1+,7
2152,52713,,1+,7
2153,52714,,1+,7
2154,52715,,1+,7
2155,52716,,1+,7
2156,52717,,1+,7
2157,52718,,1+,7
2158,52719,,1+,7
2159,52720,,1+,7
2160,52721,,1+,7
2161,52722,,1+,8
2162,52723,,1+,7
2163,52724,,1+,7
2164,52725,,1+,7
2165,52726,,1+,7
2166,52727,,1+,7
2167,52728,,1+,7
2168,52729,,1+,7
2169,52730,,1+,7
2170,52731,,1+,7
2171,52732,,1+,7
2172,52733,,1+,7
2173,52734,,1+,7
2174,52735,,1+,7
2175,52736,,1+,7
2176,52737,,1+,7
2177,52738,,1+,7
2178,52739,,1+,7
2179,52740,,1+,7
2180,52741,,1+,7
2181,52742,,1+,7
2182,52743,,1+,7
2183,52744,,1+,7
2184,52745,,1+,7
2185,52746,,1+,7
2186,52747,,1+,7
2187,52748,,1+,7
2188,52749,,1+,7
2189,52750,,1+,7
2190,52751,,1+,7
2191,52752,,1+,7
2192,52753,,1+,0
2193,52754,,10+,0
2194,52755,,1+,7
2195,52756,,1+,7
2196,52757,,1+,7
2197,52758,,1+,7
2198,52759,,1+,7
2199,52760,,1+,7
2200,52761,,1+,7
2201,52762,,1+,7
2202,52763,,1+,7
2203,52764,,1+,7
2204,52765,,1+,7
2205,52766,,1+,7
2206,52767,,1+,7
2207,52768,,1+,7
2208,52769,,1+,7
2209,52770,,1+,7
2210,52771,,1+,7
2211,52772,,1+,7
2212,52773,,1+,7
2213,52774,,1+,7
2214,52775,,1+,7
2215,52776,,1+,7
2216,52777,,1+,7
2217,52778,,1+,7
2218,52779,,1+,7
2219,52780,,1+,7
2220,52781,,1+,7
2221,52782,,1+,7
2222,52783,,1+,7
2223,52784,,1+,7
2224,52785,,1+,7
2225,52786,,1+,7
2226,52787,,1+,7
2227,52788,,1+,7
2228,52789,,1+,7
2229,52790,,1+,7
2230,52791,,1+,7
2231,52792,,1+,7
2232,52793,,1+,7
2233,52794,,1+,7
2234,52795,,1+,7
2235,52796,,1+,7
2236,52797,,1+,7
2237,52798,,10+,0
2238,52799,,10+,0
2239,52800,,1+,8
2240,52801,,1+,8
2241,52802,,1+,8
2242,52803,,1+,8
2243,52804,,1+,9
2244,52805,,1+,9
2245,52806,,1+,9
2246,52807,,1+,2
2247,52808,,1+,2
2248,52809,,1+,2
2249,52810,,1+,2
2250,52811,,1+,2
2251,52812,,1+,2
2252,52813,,1+,2
2253,52814,,1+,9
2254,52815,,1+,9
2255,52816,,1+,9
2256,52817,,1+,9
2257,52818,,1+,9
2258,52819,,1+,8
2259,52820,,1+,8
2260,52821,,1+,3
2261,52822,,1+,3
2262,52823,,1+,3
2263,52824,,1+,3
2264,52825,,1+,3
2265,52826,,1+,3
2266,52827,,1+,3
2267,52828,,1+,3
2268,52829,,1+,3
2269,52830,,1+,3
2270,52831,,1+,3
2271,52832,,1+,3
2272,52833,,1+,3
2273,52834,,1+,3
2274,52835,,1+,3
2275,52836,,1+,3
2276,52837,,1+,3
2277,52838,,1+,3
2278,52839,,1+,3
2279,52840,,1+,3
2280,52841,,1+,3
2281,52842,,1+,3
2282,52843,,1+,3
2283,52844,,1+,3
2284,52845,,1+,3
2285,52846,,1+,3
2286,52847,,1+,3
2287,52848,,1+,3
2288,52849,,1+,3
2289,52850,,1+,3
2290,52851,,1+,3
2291,52852,,1+,3
2292,52853,,1+,3
2293,52854,,1+,3
2294,52855,,1+,3
2295,52856,,1+,3
2296,52857,,1+,3
2297,52858,,1+,3
2298,52859,,1+,3
2299,52860,,1+,3
2300,52861,,1+,3
2301,52862,,1+,8
2302,52863,,10+,0
2303,52864,,100+,5
2304,52865,,1+,9
2305,52866,,1+,9
2306,52867,,1+,9
2307,52868,,1+,2
2308,52869,,1+,2
2309,52870,,1+,2
2310,52871,,1+,2
2311,52872,,1+,2
2312,52873,,1+,2
2313,52874,,1+,2
2314,52875,,1+,2
2315,52876,,1+,8
2316,52877,,1+,9
2317,52878,,1+,9
2318,52879,,1+,9
2319,52880,,1+,9
2320,52881,,1+,9
2321,52882,,1+,6
2322,52883,,1+,6
2323,52884,,1+,5
2324,52885,,1+,5
2325,52886,,1+,5
2326,52887,,1+,5
2327,52888,,1+,0
2328,52889,,1+,8
2329,52890,,1+,8
2330,52891,,1+,8
2331,52892,,1+,8
2332,52893,,1+,8
2333,52894,,1+,8
2334,52895,,1+,5
2335,52896,,10+,0
2336,52897,,1+,8
2337,52898,,1+,8
2338,52899,,1+,0
2339,52900,,1+,8
2340,52901,,1+,8
2341,52902,,1+,9
2342,52903,,1+,9
2343,52904,,1+,9
2344,52905,,1+,9
2345,52906,,1+,9
2346,52907,,1+,9
2347,52908,,1+,9
2348,52909,,1+,9
2349,52910,,1+,2
2350,52911,,10+,2
2351,52912,,1+,2
2352,52913,,1+,2
2353,52914,,1+,2
2354,52915,,1+,2
2355,52916,,1+,2
2356,52917,,1+,2
2357,52918,,1+,8
2358,52919,,1+,8
2359,52920,,1+,8
2360,52921,,1+,5
2361,52922,,1+,9
2362,52923,,1+,9
2363,52924,,1+,9
2364,52925,,1+,2
2365,52926,,1+,2
2366,52927,,1+,2
2367,52928,,1+,2
2368,52929,,1000+,0
2369,52930,,1+,2
2370,52931,,1+,2
2371,52932,,1+,2
2372,52933,,1+,2
2373,52934,,1+,8
2374,52935,,1+,9
2375,52936,,1+,9
2376,52937,,1+,9
2377,52938,,1+,9
2378,52939,,1+,9
2379,52940,,1+,8
2380,52941,,1+,8
2381,52942,,1+,8
2382,52943,,1+,8
2383,52944,,1+,8
2384,52945,,1+,8
2385,52946,,1+,0
2386,52947,,1+,8
2387,52948,,1+,8
2388,52949,,10+,0
2389,52950,,10+,0
2390,52951,,1+,2
2391,52952,,1+,2
2392,52953,,1+,2
2393,52954,,1+,2
2394,52955,,1+,2
2395,52956,,1+,2
2396,52957,,1+,2
2397,52958,,1+,2
2398,52959,,1+,2
2399,52960,,1+,2
2400,52961,,1+,2
2401,52962,,1+,2
2402,52963,,1+,2
2403,52964,,1+,2
2404,52965,,1+,2
2405,52966,,1+,2
2406,52967,,10+,0
2407,52968,,1+,8
2408,52969,,1+,9
2409,52970,,1+,9
2410,52971,,1+,9
2411,52972,,1+,9
2412,52973,,1+,9
2413,52974,,1+,8
2414,52975,,10+,0
2415,52976,,10+,0
2416,52977,,1+,3
2417,52978,,1+,5
2418,52979,,1+,9
2419,52980,,1+,9
2420,52981,,1+,9
2421,52982,,1+,2
2422,52983,,1+,2
2423,52984,,1+,2
2424,52985,,1+,2
2425,52986,,100+,0
2426,52987,,100+,0
2427,52988,,1+,2
2428,52989,,1+,2
2429,52990,,1+,2
2430,52991,,1+,2
2431,52992,,1+,2
2432,52993,,1+,2
2433,52994,,1+,2
2434,52995,,1+,2
2435,52996,,1+,2
2436,52997,,1+,8
2437,52998,,1+,9
2438,52999,,1+,9
2439,53000,,1+,9
2440,53001,,1+,9
2441,53002,,1+,9
2442,53003,,1+,5
2443,53004,,1+,5
2444,53005,,1+,8
2445,53006,,1+,8
2446,53007,,1+,8
2447,53008,,1+,8
2448,53009,,1+,8
2449,53010,,1+,0
2450,53011,,1+,8
2451,53012,,10+,8
2452,53013,,1+,8
2453,53014,,1+,8
2454,53015,,10+,0
2455,53016,,1+,0
2456,53017,,1+,0
2457,53018,,10+,0
2458,53019,,1+,8
2459,53020,,1+,2
2460,53021,,1+,2
2461,53022,,1+,2
2462,53023,,1+,2
2463,53024,,1+,2
2464,53025,,1+,2
2465,53026,,1+,9
2466,53027,,1+,9
2467,53028,,1+,9
2468,53029,,1+,9
2469,53030,,1+,9
2470,53031,,10+,0
2471,53032,,1+,8
2472,53033,,1+,3
2473,53034,,1+,5
2474,53035,,1+,8
2475,53036,,10+,0
2476,53037,,1+,8
2477,53038,,1+,8
2478,53039,,1+,8
2479,53040,,1+,0
2480,53041,,100+,0
2481,53042,,1+,8
2482,53043,,1+,8
2483,53044,,1+,8
2484,53045,,1+,0
2485,53046,,1+,8
2486,53047,,1+,8
2487,53048,,1+,8
2488,53049,,1+,8
2489,53050,,1+,0
2490,53051,,1+,0
2491,53052,,1+,8
2492,53053,,1+,8
2493,53054,,1+,9
2494,53055,,1+,9
2495,53056,,10+,2
2496,53057,,1+,2
2497,53058,,1+,2
2498,53059,,1+,2
2499,53060,,1+,2
2500,53061,,1+,2
2501,53062,,1+,2
2502,53063,,1+,2
2503,53064,,1+,9
2504,53065,,1+,9
2505,53066,,1+,9
2506,53067,,1+,9
2507,53068,,1+,9
2508,53069,,1+,8
2509,53070,,1+,8
2510,53071,,10+,0
2511,53072,,1+,3
2512,53073,,10+,0
2513,53074,,10+,0
2514,53075,,100+,0
2515,53076,,10+,0
2516,53077,,1+,8
2517,53078,,1+,9
2518,53079,,1+,9
2519,53080,,1+,9
2520,53081,,1+,2
2521,53082,,1+,2
2522,53083,,1+,2
2523,53084,,1+,2
2524,53085,,1+,2
2525,53086,,1+,2
2526,53087,,1+,2
2527,53088,,1+,8
2528,53089,,1+,9
2529,53090,,1+,9
2530,53091,,1+,9
2531,53092,,1+,9
2532,53093,,1+,9
2533,53094,,1+,8
2534,53095,,1+,8
2535,53096,,10+,0
2536,53097,,1+,8
2537,53098,,1+,8
2538,53099,,1+,8
2539,53100,,1+,8
2540,53101,,10+,0
2541,53102,,1+,8
2542,53103,,1+,8
2543,53104,,1+,0
2544,53105,,1+,8
2545,53106,,10+,0
2546,53107,,1+,8
2547,53108,,10+,0
2548,53109,,10+,0
2549,53110,,10+,0
2550,53111,,10+,0
2551,53112,,1+,8
2552,53113,,1+,9
2553,53114,,1+,9
2554,53115,,1+,9
2555,53116,,1+,2
2556,53117,,1+,2
2557,53118,,1+,2
2558,53119,,1+,2
2559,53120,,1+,2
2560,53121,,1+,2
2561,53122,,1+,2
2562,53123,,1+,9
2563,53124,,1+,9
2564,53125,,1+,9
2565,53126,,1+,9
2566,53127,,1+,9
2567,53128,,1+,8
2568,53129,,10+,0
2569,53130,,10+,0
2570,53131,,1+,8
2571,53132,,1+,3
2572,53133,,10+,0
2573,53134,,10+,0
2574,53135,,10+,0
2575,53136,,10+,0
2576,53137,,10+,0
2577,53138,,1+,8
2578,53139,,1+,8
2579,53140,,1+,9
2580,53141,,1+,9
2581,53142,,1+,9
2582,53143,,1+,2
2583,53144,,10+,0
2584,53145,,1+,2
2585,53146,,1+,2
2586,53147,,1+,2
2587,53148,,1+,2
2588,53149,,1+,2
2589,53150,,1+,2
2590,53151,,1+,8
2591,53152,,1+,9
2592,53153,,1+,9
2593,53154,,1+,9
2594,53155,,1+,9
2595,53156,,1+,8
2596,53157,,1+,8
2597,53158,,10+,0
2598,53159,,10+,0
2599,53160,,10+,0
2600,53161,,1+,8
2601,53162,,1+,8
2602,53163,,10+,0
2603,53164,,1+,8
2604,53165,,1+,8
2605,53166,,1+,5
2606,53167,,1+,8
2607,53168,,1+,8
2608,53169,,1+,8
2609,53170,,1+,8
2610,53171,,10+,0
2611,53172,,1+,8
2612,53173,,1+,8
2613,53174,,1+,8
2614,53175,,10+,8
2615,53176,,1+,0
2616,53177,,1+,0
2617,53178,,1+,8
2618,53179,,1+,8
2619,53180,,1+,0
2620,53181,,1+,2
2621,53182,,1+,2
2622,53183,,1+,2
2623,53184,,1+,2
2624,53185,,1+,2
2625,53186,,1+,9
2626,53187,,1+,9
2627,53188,,1+,9
2628,53189,,1+,9
2629,53190,,1+,9
2630,53191,,10+,0
2631,53192,,10+,0
2632,53193,,1+,8
2633,53194,,10+,0
2634,53195,,10+,0
2635,53196,,10+,0
2636,53197,,1+,3
2637,53198,,10+,0
2638,53199,,10+,0
2639,53200,,10+,0
2640,53201,,10+,0
2641,53202,,10+,0
2642,53203,,10+,0
2643,53204,,10+,0
2644,53205,,1+,1
2645,53206,,1+,1
2646,53207,,1+,1
2647,53208,,1+,1
2648,53209,,1+,1
2649,53210,,1+,1
2650,53211,,1+,1
2651,53212,,1+,1
2652,53213,,1+,1
2653,53214,,1+,1
2654,53215,,1+,1
2655,53216,,1+,1
2656,53217,,1+,1
2657,53218,,1+,1
2658,53219,,1+,1
2659,53220,,1+,1
2660,53221,,1+,1
2661,53222,,1+,1
2662,53223,,10+,0
2663,53224,,10+,0
2664,53225,,10+,0
2665,53226,,10+,0
2666,53227,,100+,0
2667,53228,,10+,0
2668,53229,,10+,0
2669,53230,,10+,0
2670,53231,,1+,1
2671,53232,,1+,1
2672,53233,,1+,1
2673,53234,,1+,1
2674,53235,,1+,1
2675,53236,,1+,1
2676,53237,,1+,1
2677,53238,,1+,1
2678,53239,,1+,1
2679,53240,,1+,1
2680,53241,,1+,1
2681,53242,,1+,1
2682,53243,,1+,1
2683,53244,,1+,1
2684,53245,,1+,1
2685,53246,,1+,1
2686,53247,,1+,1
2687,53248,,1+,1
2688,53249,,1+,1
2689,53250,,1+,1
2690,53251,,1+,1
2691,53252,,1+,1
2692,53253,,1+,1
2693,53254,,1+,1
2694,53255,,10+,0
2695,53256,,10+,0
2696,53257,,10+,0
2697,53258,,10+,0
2698,53259,,10+,0
2699,53260,,1+,1
2700,53261,,1+,1
2701,53262,,1+,1
2702,53263,,1+,1
2703,53264,,1+,1
2704,53265,,1+,1
2705,53266,,1+,1
2706,53267,,1+,1
2707,53268,,1+,1
2708,53269,,1+,1
2709,53270,,1+,1
2710,53271,,1+,1
2711,53272,,1+,1
2712,53273,,1+,1
2713,53274,,1+,1
2714,53275,,1+,1
2715,53276,,1+,1
2716,53277,,1+,1
2717,53278,,1+,1
2718,53279,,1+,1
2719,53280,,1+,1
2720,53281,,1+,1
2721,53282,,1+,1
2722,53283,,1+,1
2723,53284,,10+,0
2724,53285,,10+,0
2725,53286,,10+,0
2726,53287,,10+,0
2727,53288,,10+,0
2728,53289,,10+,0
2729,53290,,10+,0
2730,53291,,10+,0
2731,53292,,10+,0
2732,53293,,10+,0
2733,53294,,10+,0
2734,53295,,1+,9
2735,53296,,1+,9
2736,53297,,1+,9
2737,53298,,1+,8
2738,53299,,1+,9
2739,53300,,1+,9
2740,53301,,1+,9
2741,53302,,1+,9
2742,53303,,1+,9
2743,53304,,1+,0
2744,53305,,1+,8
2745,53306,,1+,8
2746,53307,,10+,0
2747,53308,,1+,8
2748,53309,,1+,8
2749,53310,,1+,0
2750,53311,,1+,8
2751,53312,,1+,8
2752,53313,,1+,8
2753,53314,,1+,8
2754,53315,,10+,0
2755,53316,,10+,8
2756,53317,,1+,0
2757,53318,,1+,9
2758,53319,,1+,9
2759,53320,,1+,9
2760,53321,,1+,2
2761,53322,,1+,2
2762,53323,,1+,2
2763,53324,,1+,2
2764,53325,,1+,2
2765,53326,,1+,2
2766,53327,,1+,2
2767,53328,,1+,9
2768,53329,,1+,9
2769,53330,,1+,9
2770,53331,,1+,9
2771,53332,,1+,9
2772,53333,,1+,8
2773,53334,,1+,3
2774,53335,,1+,3
2775,53336,,1+,3
2776,53337,,1+,3
2777,53338,,1+,3
2778,53339,,1+,3
2779,53340,,1+,3
2780,53341,,1+,3
2781,53342,,1+,3
2782,53343,,1+,3
2783,53344,,1+,3
2784,53345,,1+,3
2785,53346,,1+,3
2786,53347,,1+,3
2787,53348,,1+,3
2788,53349,,1+,3
2789,53350,,1+,3
2790,53351,,1+,8
2791,53352,,1+,8
2792,53353,,1+,3
2793,53354,,10+,0
2794,53355,,10+,0
2795,53356,,10+,0
2796,53357,,1+,9
2797,53358,,1+,9
2798,53359,,1+,9
2799,53360,,1+,2
2800,53361,,1+,2
2801,53362,,1+,2
2802,53363,,1+,2
2803,53364,,1+,2
2804,53365,,1+,2
2805,53366,,1+,8
2806,53367,,1+,9
2807,53368,,1+,9
2808,53369,,1+,9
2809,53370,,1+,9
2810,53371,,1+,9
2811,53372,,1+,8
2812,53373,,1+,8
2813,53374,,1+,8
2814,53375,,1+,8
2815,53376,,10+,0
2816,53377,,1+,5
2817,53378,,1+,8
2818,53379,,1+,8
2819,53380,,1+,8
2820,53381,,1+,5
2821,53382,,10+,0
2822,53383,,1+,8
2823,53384,,1+,8
2824,53385,,10+,0
2825,53386,,10+,0
2826,53387,,10+,0
2827,53388,,1+,8
2828,53389,,1+,8
2829,53390,,1+,9
2830,53391,,1+,9
2831,53392,,1+,2
2832,53393,,1+,2
2833,53394,,1+,2
2834,53395,,1+,2
2835,53396,,1+,2
2836,53397,,1+,3
2837,53398,,10+,0
2838,53399,,1+,9
2839,53400,,1+,9
2840,53401,,1+,9
2841,53402,,1+,2
2842,53403,,10+,0
2843,53404,,1+,2
2844,53405,,1+,2
2845,53406,,1+,2
2846,53407,,1+,2
2847,53408,,1+,2
2848,53409,,1+,2
2849,53410,,1+,8
2850,53411,,1+,9
2851,53412,,1+,9
2852,53413,,1+,9
2853,53414,,1+,9
2854,53415,,1+,9
2855,53416,,1000+,0
2856,53417,,1+,8
2857,53418,,10+,0
2858,53419,,1+,8
2859,53420,,1+,8
2860,53421,,1+,8
2861,53422,,10+,0
2862,53423,,10+,0
2863,53424,,1+,8
2864,53425,,1+,8
2865,53426,,1+,8
2866,53427,,1+,8
2867,53428,,1+,8
2868,53429,,10+,0
2869,53430,,1+,8
2870,53431,,1+,0
2871,53432,,1+,8
2872,53433,,1+,9
2873,53434,,1+,9
2874,53435,,1+,9
2875,53436,,1+,2
2876,53437,,1+,2
2877,53438,,1+,2
2878,53439,,1+,2
2879,53440,,1+,2
2880,53441,,1+,2
2881,53442,,1+,9
2882,53443,,1+,9
2883,53444,,1+,9
2884,53445,,1+,9
2885,53446,,1+,9
2886,53447,,1+,3
2887,53448,,10+,0
2888,53449,,10+,0
2889,53450,,10+,0
2890,53451,,10+,0
2891,53452,,1+,9
2892,53453,,1+,9
2893,53454,,1+,9
2894,53455,,1+,2
2895,53456,,1+,2
2896,53457,,1+,2
2897,53458,,10+,0
2898,53459,,1+,2
2899,53460,,1+,2
2900,53461,,1+,2
2901,53462,,1+,8
2902,53463,,1+,9
2903,53464,,1+,9
2904,53465,,1+,9
2905,53466,,1+,9
2906,53467,,1+,9
2907,53468,,10+,0
2908,53469,,1+,8
2909,53470,,1+,5
2910,53471,,1+,8
2911,53472,,1+,8
2912,53473,,10+,0
2913,53474,,10+,0
2914,53475,,10+,0
2915,53476,,100+,0
2916,53477,,100+,0
2917,53478,,1+,8
2918,53479,,1+,8
2919,53480,,10+,0
2920,53481,,1+,8
2921,53482,,1+,8
2922,53483,,10+,0
2923,53484,,10+,0
2924,53485,,1+,8
2925,53486,,1+,8
2926,53487,,1+,8
2927,53488,,10+,0
2928,53489,,1+,8
2929,53490,,1+,0
2930,53491,,1+,9
2931,53492,,1+,9
2932,53493,,1+,9
2933,53494,,1+,2
2934,53495,,1+,2
2935,53496,,1+,2
2936,53497,,1+,2
2937,53498,,1+,2
2938,53499,,1+,9
2939,53500,,1+,9
2940,53501,,1+,9
2941,53502,,1+,9
2942,53503,,1+,9
2943,53504,,1+,3
2944,53505,,10+,0
2945,53506,,1+,8
2946,53507,,1+,8
2947,53508,,10+,0
2948,53509,,10+,0
2949,53510,,1+,1
2950,53511,,1+,1
2951,53512,,1+,1
2952,53513,,1+,1
2953,53514,,1+,1
2954,53515,,1+,1
2955,53516,,1+,1
2956,53517,,1+,1
2957,53518,,1+,1
2958,53519,,1+,1
2959,53520,,1+,1
2960,53521,,1+,1
2961,53522,,1+,1
2962,53523,,1+,1
2963,53524,,1+,1
2964,53525,,1+,1
2965,53526,,1+,1
2966,53527,,1+,1
2967,53528,,1+,1
2968,53529,,1+,1
2969,53530,,1+,1
2970,53531,,1+,1
2971,53532,,1+,1
2972,53533,,1+,1
2973,53534,,1+,1
2974,53535,,1+,1
2975,53536,,1+,1
2976,53537,,1+,1
2977,53538,,1+,1
2978,53539,,100+,0
2979,53540,,10+,0
2980,53541,,10+,0
2981,53542,,1+,1
2982,53543,,1+,1
2983,53544,,1+,1
2984,53545,,1+,1
2985,53546,,1+,1
2986,53547,,1+,1
2987,53548,,1+,1
2988,53549,,1+,1
2989,53550,,1+,1
2990,53551,,1+,1
2991,53552,,1+,1
2992,53553,,1+,1
2993,53554,,1+,1
2994,53555,,1+,1
2995,53556,,1+,1
2996,53557,,1+,1
2997,53558,,1+,1
2998,53559,,1+,1
2999,53560,,1+,1
3000,53561,,1+,1
3001,53562,,1+,1
3002,53563,,1+,1
3003,53564,,1+,1
3004,53565,,1+,1
3005,53566,,1+,1
3006,53567,,1+,1
3007,53568,,1+,1
3008,53569,,1+,1
3009,53570,,1+,1
3010,53571,,1+,1
3011,53572,,1+,1
3012,53573,,1+,1
3013,53574,,10+,0
3014,53575,,1+,1
3015,53576,,1+,1
3016,53577,,1+,1
3017,53578,,1+,1
3018,53579,,1+,1
3019,53580,,1+,1
3020,53581,,1+,1
3021,53582,,1+,1
3022,53583,,1+,1
3023,53584,,1+,1
3024,53585,,1+,1
3025,53586,,1+,1
3026,53587,,1+,1
3027,53588,,1+,1
3028,53589,,1+,1
3029,53590,,1+,1
3030,53591,,1+,1
3031,53592,,1+,1
3032,53593,,1+,1
3033,53594,,1+,1
3034,53595,,1+,1
3035,53596,,1+,1
3036,53597,,1+,1
3037,53598,,1+,1
3038,53599,,1+,1
3039,53600,,1+,1
3040,53601,,1+,1
3041,53602,,1+,1
3042,53603,,1+,1
3043,53604,,1+,1
3044,53605,,1+,1
3045,53606,,1+,1
3046,53607,,100+,0
3047,53608,,10+,0
3048,53609,,10+,0
3049,53610,,10+,0
3050,53611,,10+,0
3051,53612,,10+,0
3052,53613,,10+,0
3053,53614,,10+,0
3054,53615,,10+,0
3055,53616,,1+,1
3056,53617,,1+,1
3057,53618,,1+,1
3058,53619,,1+,1
3059,53620,,1+,1
3060,53621,,1+,1
3061,53622,,1+,1
3062,53623,,1+,1
3063,53624,,1+,1
3064,53625,,1+,1
3065,53626,,1+,1
3066,53627,,1+,1
3067,53628,,1+,1
3068,53629,,1+,1
3069,53630,,1+,1
3070,53631,,1+,1
3071,53632,,1+,1
3072,53633,,1+,1
3073,53634,,1+,1
3074,53635,,1+,1
3075,53636,,1+,1
3076,53637,,1+,1
3077,53638,,1+,1
3078,53639,,1+,1
3079,53640,,1+,1
3080,53641,,1+,1
3081,53642,,1+,1
3082,53643,,1+,1
3083,53644,,1+,1
3084,53645,,1+,1
3085,53646,,1+,1
3086,53647,,1+,1
3087,53648,,1+,1
3088,53649,,1+,1
3089,53650,,1+,1
3090,53651,,1+,1
3091,53652,,1+,1
3092,53653,,1+,1
3093,53654,,1+,1
3094,53655,,1+,1
3095,53656,,1+,1
3096,53657,,1+,1
3097,53658,,1+,1
3098,53659,,1+,1
3099,53660,,1+,1
3100,53661,,1+,1
3101,53662,,1+,1
3102,53663,,1+,1
3103,53664,,1+,1
3104,53665,,1+,1
3105,53666,,1+,1
3106,53667,,1+,1
3107,53668,,1+,1
3108,53669,,1+,1
3109,53670,,1+,1
3110,53671,,1+,1
3111,53672,,1+,1
3112,53673,,1+,1
3113,53674,,1+,1
3114,53675,,1+,1
3115,53676,,1+,1
3116,53677,,1+,1
3117,53678,,1+,1
3118,53679,,1+,1
3119,53680,,1+,1
3120,53681,,1+,1
3121,53682,,1+,1
3122,53683,,1+,1
3123,53684,,1+,1
3124,53685,,1+,1
3125,53686,,1+,1
3126,53687,,1+,1
3127,53688,,1+,1
3128,53689,,1+,1
3129,53690,,1+,1
3130,53691,,1+,1
3131,53692,,1+,1
3132,53693,,1+,1
3133,53694,,1+,1
3134,53695,,1+,1
3135,53696,,1+,1
3136,53697,,1+,1
3137,53698,,1+,1
3138,53699,,1+,1
3139,53700,,1+,1
3140,53701,,1+,1
3141,53702,,1+,1
3142,53703,,1+,1
3143,53704,,1+,1
3144,53705,,1+,1
3145,53706,,1+,1
3146,53707,,1+,1
3147,53708,,1+,1
3148,53709,,1+,1
3149,53710,,1+,1
3150,53711,,1+,1
3151,53712,,1+,1
3152,53713,,1+,1
3153,53714,,1+,1
3154,53715,,1+,1
3155,53716,,1+,1
3156,53717,,1+,1
3157,53718,,1+,1
3158,53719,,1+,1
3159,53720,,1+,1
3160,53721,,1+,1
3161,53722,,1+,1
3162,53723,,1+,1
3163,53724,,1+,1
3164,53725,,1+,1
3165,53726,,1+,1
3166,53727,,1+,1
3167,53728,,1+,1
3168,53729,,1+,1
3169,53730,,1+,1
3170,53731,,1+,1
3171,53732,,1+,1
3172,53733,,1+,1
3173,53734,,1+,1
3174,53735,,1+,1
3175,53736,,1+,1
3176,53737,,1+,1
3177,53738,,1+,1
3178,53739,,1+,1
3179,53740,,1+,1
3180,53741,,1+,1
3181,53742,,1+,1
3182,53743,,1+,1
3183,53744,,1+,1
3184,53745,,1+,1
3185,53746,,1+,1
3186,53747,,1+,1
3187,53748,,1+,1
3188,53749,,1+,1
3189,53750,,1+,1
3190,53751,,1+,1
3191,53752,,1+,1
3192,53753,,1+,1
3193,53754,,1+,1
3194,53755,,1+,1
3195,53756,,1+,1
3196,53757,,1+,1
3197,53758,,1+,1
3198,53759,,1+,1
3199,53760,,1+,1
3200,53761,,1+,1
3201,53762,,1+,1
3202,53763,,1+,1
3203,53764,,1+,1
3204,53765,,1+,1
3205,53766,,1+,1
3206,53767,,1+,1
3207,53768,,1+,1
3208,53769,,1+,1
3209,53770,,1+,1
3210,53771,,1+,1
3211,53772,,1+,1
3212,53773,,1+,1
3213,53774,,1+,1
3214,53775,,1+,1
3215,53776,,1+,1
3216,53777,,1+,1
3217,53778,,1+,1
3218,53779,,1+,1
3219,53780,,1+,1
3220,53781,,1+,1
3221,53782,,1+,1
3222,53783,,1+,1
3223,53784,,1+,1
3224,53785,,1+,1
3225,53786,,1+,1
3226,53787,,1+,1
3227,53788,,1+,1
3228,53789,,1+,1
3229,53790,,1+,1
3230,53791,,1+,1
3231,53792,,1+,1
3232,53793,,1+,1
3233,53794,,1+,1
3234,53795,,1+,1
3235,53796,,1+,1
3236,53797,,1+,1
3237,53798,,1+,1
3238,53799,,1+,1
3239,53800,,1+,1
3240,53801,,1+,1
3241,53802,,1+,1
3242,53803,,1+,1
3243,53804,,1+,1
3244,53805,,1+,1
3245,53806,,1+,1
3246,53807,,1+,1
3247,53808,,1+,1
3248,53809,,1+,1
3249,53810,,1+,1
3250,53811,,1+,1
3251,53812,,1+,1
3252,53813,,1+,1
3253,53814,,1+,1
3254,53815,,1+,1
3255,53816,,1+,1
3256,53817,,1+,1
3257,53818,,1+,1
3258,53819,,1+,1
3259,53820,,1+,1
3260,53821,,1+,1
3261,53822,,1+,1
3262,53823,,1+,1
3263,53824,,1+,1
3264,53825,,1+,1
3265,53826,,1+,1
3266,53827,,1+,1
3267,53828,,1+,1
3268,53829,,1+,1
3269,53830,,1+,1
3270,53831,,1+,1
3271,53832,,1+,1
3272,53833,,1+,1
3273,53834,,1+,1
3274,53835,,1+,1
3275,53836,,1+,1
3276,53837,,1+,1
3277,53838,,1+,1
3278,53839,,1+,1
3279,53840,,1+,1
3280,53841,,1+,1
3281,53842,,1+,1
3282,53843,,1+,1
3283,53844,,1+,1
3284,53845,,1+,1
3285,53846,,1+,1
3286,53847,,1+,1
3287,53848,,1+,1
3288,53849,,1+,1
3289,53850,,1+,1
3290,53851,,1+,1
3291,53852,,1+,1
3292,53853,,1+,1
3293,53854,,1+,1
3294,53855,,1+,1
3295,53856,,1+,1
3296,53857,,1+,1
3297,53858,,1+,1
3298,53859,,1+,1
3299,53860,,1+,1
3300,53861,,1+,1
3301,53862,,1+,1
3302,53863,,1+,1
3303,53864,,1+,1
3304,53865,,1+,1
3305,53866,,1+,1
3306,53867,,1+,1
3307,53868,,1+,1
3308,53869,,1+,1
3309,53870,,1+,1
3310,53871,,1+,1
3311,53872,,1+,1
3312,53873,,1+,1
3313,53874,,1+,1
3314,53875,,1+,1
3315,53876,,1+,1
3316,53877,,1+,1
3317,53878,,1+,1
3318,53879,,1+,1
3319,53880,,1+,1
3320,53881,,1+,1
3321,53882,,1+,1
3322,53883,,1+,1
3323,53884,,1+,1
3324,53885,,1+,1
3325,53886,,1+,1
3326,53887,,1+,1
3327,53888,,1+,1
3328,53889,,1+,1
3329,53890,,1+,1
3330,53891,,1+,1
3331,53892,,1+,1
3332,53893,,1+,1
3333,53894,,1+,1
3334,53895,,1+,1
3335,53896,,1+,1
3336,53897,,1+,1
3337,53898,,1+,1
3338,53899,,1+,1
3339,53900,,1+,1
3340,53901,,1+,1
3341,53902,,1+,1
3342,53903,,1+,1
3343,53904,,1+,1
3344,53905,,1+,1
3345,53906,,1+,1
3346,53907,,1+,1
3347,53908,,1+,1
3348,53909,,1+,1
3349,53910,,1+,1
3350,53911,,1+,1
3351,53912,,1+,1
3352,53913,,1+,1
3353,53914,,1+,1
3354,53915,,1+,1
3355,53916,,1+,1
3356,53917,,1+,1
3357,53918,,1+,1
3358,53919,,1+,1
3359,53920,,1+,1
3360,53921,,1+,1
3361,53922,,1+,1
3362,53923,,1+,1
3363,53924,,1+,1
3364,53925,,1+,1
3365,53926,,1+,1
3366,53927,,1+,1
3367,53928,,1+,1
3368,53929,,1+,1
3369,53930,,1+,1
3370,53931,,1+,1
3371,53932,,1+,1
3372,53933,,1+,1
3373,53934,,1+,1
3374,53935,,1+,1
3375,53936,,1+,1
3376,53937,,1+,1
3377,53938,,1+,1
3378,53939,,1+,1
3379,53940,,1+,1
3380,53941,,1+,1
3381,53942,,1+,1
3382,53943,,1+,1
3383,53944,,1+,1
3384,53945,,1+,1
3385,53946,,1+,1
3386,53947,,1+,1
3387,53948,,1+,1
3388,53949,,1+,1
3389,53950,,1+,1
3390,53951,,1+,1
3391,53952,,1+,1
3392,53953,,1+,1
3393,53954,,1+,1
3394,53955,,1+,1
3395,53956,,1+,1
3396,53957,,1+,1
3397,53958,,1+,1
3398,53959,,1+,1
3399,53960,,1+,1
3400,53961,,1+,1
3401,53962,,1+,1
3402,53963,,1+,1
3403,53964,,1+,1
3404,53965,,1+,1
3405,53966,,1+,1
3406,53967,,1+,1
3407,53968,,1+,1
3408,53969,,1+,1
3409,53970,,1+,1
3410,53971,,1+,1
3411,53972,,1+,1
3412,53973,,1+,1
3413,53974,,1+,1
3414,53975,,1+,1
3415,53976,,1+,1
3416,53977,,1+,1
3417,53978,,1+,1
3418,53979,,1+,1
3419,53980,,1+,1
3420,53981,,1+,1
3421,53982,,1+,1
3422,53983,,1+,1
3423,53984,,1+,1
3424,53985,,1+,1
3425,53986,,1+,1
3426,53987,,1+,1
3427,53988,,1+,1
3428,53989,,1+,1
3429,53990,,1+,1
3430,53991,,1+,1
3431,53992,,1+,1
3432,53993,,1+,1
3433,53994,,1+,1
3434,53995,,1+,1
3435,53996,,1+,1
3436,53997,,1+,1
3437,53998,,1+,1
3438,53999,,1+,1
3439,54000,,1+,1
3440,54001,,1+,1
3441,54002,,1+,1
3442,54003,,1+,1
3443,54004,,1+,1
3444,54005,,1+,1
3445,54006,,1+,1
3446,54007,,1+,1
3447,54008,,1+,1
3448,54009,,1+,1
3449,54010,,1+,1
3450,54011,,1+,1
3451,54012,,1+,1
3452,54013,,1+,1
3453,54014,,1+,1
3454,54015,,1+,1
3455,54016,,1+,1
3456,54017,,1+,1
3457,54018,,1+,1
3458,54019,,1+,1
3459,54020,,1+,1
3460,54021,,1+,1
3461,54022,,1+,1
3462,54023,,1+,1
3463,54024,,1+,1
3464,54025,,1+,1
3465,54026,,1+,1
3466,54027,,1+,1
3467,54028,,1+,1
3468,54029,,1+,1
3469,54030,,1+,1
3470,54031,,1+,1
3471,54032,,1+,1
3472,54033,,1+,1
3473,54034,,1+,1
3474,54035,,1+,1
3475,54036,,1+,1
3476,54037,,1+,1
3477,54038,,1+,1
3478,54039,,1+,1
3479,54040,,1+,1
3480,54041,,1+,1
3481,54042,,1+,1
3482,54043,,1+,1
3483,54044,,1+,1
3484,54045,,1+,1
3485,54046,,1+,1
3486,54047,,1+,1
3487,54048,,1+,1
3488,54049,,1+,1
3489,54050,,1+,1
3490,54051,,1+,1
3491,54052,,1+,1
3492,54053,,1+,1
3493,54054,,1+,1
3494,54055,,1+,1
3495,54056,,1+,1
3496,54057,,1+,1
3497,54058,,1+,1
3498,54059,,1+,1
3499,54060,,1+,1
3500,54061,,1+,1
3501,54062,,1+,1
3502,54063,,1+,1
3503,54064,,1+,1
3504,54065,,1+,1
3505,54066,,1+,1
3506,54067,,1+,1
3507,54068,,1+,1
3508,54069,,1+,1
3509,54070,,1+,1
3510,54071,,1+,1
3511,54072,,1+,1
3512,54073,,1+,1
3513,54074,,1+,1
3514,54075,,1+,1
3515,54076,,1+,1
3516,54077,,1+,1
3517,54078,,1+,1
3518,54079,,1+,1
3519,54080,,1+,1
3520,54081,,1+,1
3521,54082,,1+,1
3522,54083,,1+,1
3523,54084,,1+,1
3524,54085,,1+,1
3525,54086,,1+,1
3526,54087,,1+,1
3527,54088,,1+,1
3528,54089,,1+,1
3529,54090,,1+,1
3530,54091,,1+,1
3531,54092,,1+,1
3532,54093,,1+,1
3533,54094,,1+,1
3534,54095,,1+,1
3535,54096,,1+,1
3536,54097,,1+,1
3537,54098,,1+,1
3538,54099,,1+,1
3539,54100,,1+,1
3540,54101,,1+,1
3541,54102,,1+,1
3542,54103,,1+,1
3543,54104,,1+,1
3544,54105,,1+,1
3545,54106,,1+,1
3546,54107,,1+,1
3547,54108,,1+,1
3548,54109,,1+,1
3549,54110,,1+,1
3550,54111,,1+,1
3551,54112,,1+,1
3552,54113,,1+,1
3553,54114,,1+,1
3554,54115,,1+,1
3555,54116,,1+,1
3556,54117,,1+,1
3557,54118,,1+,1
3558,54119,,1+,1
3559,54120,,1+,1
3560,54121,,1+,1
3561,54122,,1+,1
3562,54123,,1+,1
3563,54124,,1+,1
3564,54125,,1+,1
3565,54126,,1+,1
3566,54127,,1+,1
3567,54128,,1+,1
3568,54129,,1+,1
3569,54130,,1+,1
3570,54131,,1+,1
3571,54132,,1+,1
3572,54133,,1+,1
3573,54134,,1+,1
3574,54135,,1+,1
3575,54136,,1+,1
3576,54137,,1+,1
3577,54138,,1+,1
3578,54139,,1+,1
3579,54140,,1+,1
3580,54141,,1+,1
3581,54142,,1+,1
3582,54143,,1+,1
3583,54144,,1+,1
3584,54145,,1+,1
3585,54146,,1+,1
3586,54147,,1+,1
3587,54148,,1+,1
3588,54149,,1+,1
3589,54150,,1+,1
3590,54151,,1+,1
3591,54152,,1+,1
3592,54153,,1+,1
3593,54154,,1+,1
3594,54155,,1+,1
3595,54156,,1+,1
3596,54157,,1+,1
3597,54158,,1+,1
3598,54159,,1+,1
3599,54160,,1+,1
3600,54161,,1+,1
3601,54162,,1+,1
3602,54163,,1+,1
3603,54164,,1+,1
3604,54165,,1+,1
3605,54166,,1+,1
3606,54167,,1+,1
3607,54168,,1+,1
3608,54169,,1+,1
3609,54170,,1+,1
3610,54171,,1+,1
3611,54172,,1+,1
3612,54173,,1+,1
3613,54174,,1+,1
3614,54175,,1+,1
3615,54176,,1+,1
3616,54177,,1+,1
3617,54178,,1+,1
3618,54179,,1+,1
3619,54180,,1+,1
3620,54181,,1+,1
3621,54182,,1+,1
3622,54183,,1+,1
3623,54184,,1+,1
3624,54185,,1+,1
3625,54186,,1+,1
3626,54187,,1+,1
3627,54188,,1+,1
3628,54189,,1+,1
3629,54190,,1+,1
3630,54191,,1+,1
3631,54192,,1+,1
3632,54193,,1+,1
3633,54194,,1+,1
3634,54195,,1+,1
3635,54196,,1+,1
3636,54197,,1+,1
3637,54198,,1+,1
3638,54199,,1+,1
3639,54200,,1+,1
3640,54201,,1+,1
3641,54202,,1+,1
3642,54203,,1+,1
3643,54204,,1+,1
3644,54205,,1+,1
3645,54206,,1+,1
3646,54207,,1+,1
3647,54208,,1+,1
3648,54209,,1+,1
3649,54210,,1+,1
3650,54211,,1+,1
3651,54212,,1+,1
3652,54213,,1+,1
3653,54214,,1+,1
3654,54215,,1+,1
3655,54216,,1+,1
3656,54217,,1+,1
3657,54218,,1+,1
3658,54219,,1+,1
3659,54220,,1+,1
3660,54221,,1+,1
3661,54222,,1+,1
3662,54223,,1+,1
3663,54224,,1+,1
3664,54225,,1+,1
3665,54226,,1+,1
3666,54227,,1+,1
3667,54228,,1+,1
3668,54229,,1+,1
3669,54230,,1+,1
3670,54231,,1+,1
3671,54232,,1+,1
3672,54233,,1+,1
3673,54234,,1+,1
3674,54235,,1+,1
3675,54236,,1+,1
3676,54237,,1+,1
3677,54238,,1+,1
3678,54239,,1+,1
3679,54240,,1+,1
3680,54241,,1+,1
3681,54242,,1+,1
3682,54243,,1+,1
3683,54244,,1+,1
3684,54245,,1+,1
3685,54246,,1+,1
3686,54247,,1+,1
3687,54248,,1+,1
3688,54249,,1+,1
3689,54250,,1+,1
3690,54251,,1+,1
3691,54252,,1+,1
3692,54253,,1+,1
3693,54254,,1+,1
3694,54255,,1+,1
3695,54256,,1+,1
3696,54257,,1+,1
3697,54258,,1+,1
3698,54259,,1+,1
3699,54260,,1+,1
3700,54261,,1+,1
3701,54262,,1+,1
3702,54263,,1+,1
3703,54264,,1+,1
3704,54265,,1+,1
3705,54266,,1+,1
3706,54267,,1+,1
3707,54268,,1+,1
3708,54269,,1+,1
3709,54270,,1+,1
3710,54271,,1+,1
3711,54272,,1+,1
3712,54273,,1+,1
3713,54274,,1+,1
3714,54275,,1+,1
3715,54276,,1+,1
3716,54277,,1+,1
3717,54278,,1+,1
3718,54279,,1+,1
3719,54280,,1+,1
3720,54281,,1+,1
3721,54282,,1+,1
3722,54283,,1+,1
3723,54284,,1+,1
3724,54285,,1+,1
3725,54286,,1+,1
3726,54287,,1+,1
3727,54288,,1+,1
3728,54289,,1+,1
3729,54290,,1+,1
3730,54291,,1+,1
3731,54292,,1+,1
3732,54293,,1+,1
3733,54294,,1+,1
3734,54295,,1+,1
3735,54296,,1+,1
3736,54297,,1+,1
3737,54298,,1+,1
3738,54299,,1+,1
3739,54300,,1+,1
3740,54301,,1+,1
3741,54302,,1+,1
3742,54303,,1+,1
3743,54304,,1+,1
3744,54305,,1+,1
3745,54306,,1+,1
3746,54307,,1+,1
3747,54308,,1+,1
3748,54309,,1+,1
3749,54310,,1+,1
3750,54311,,1+,1
3751,54312,,1+,1
3752,54313,,1+,1
3753,54314,,1+,1
3754,54315,,1+,1
3755,54316,,1+,1
3756,54317,,1+,1
3757,54318,,1+,1
3758,54319,,1+,1
3759,54320,,1+,1
3760,54321,,1+,1
3761,54322,,1+,1
3762,54323,,1+,1
3763,54324,,1+,1
3764,54325,,1+,1
3765,54326,,1+,1
3766,54327,,1+,1
3767,54328,,1+,1
3768,54329,,1+,1
3769,54330,,1+,1
3770,54331,,1+,1
3771,54332,,1+,1
3772,54333,,1+,1
3773,54334,,1+,1
3774,54335,,1+,1
3775,54336,,1+,1
3776,54337,,1+,1
3777,54338,,1+,1
3778,54339,,1+,1
3779,54340,,1+,1
3780,54341,,10+,0
3781,54342,,10+,0
3782,54343,,100+,0
3783,54344,,10+,0
3784,54345,,10+,0
3785,54346,,100+,0
3786,54347,,100+,0
3787,54348,,10+,0
3788,54349,,100+,0
3789,54350,,100+,0
3790,54351,,10+,0
3791,54352,,1+,1
3792,54353,,1+,1
3793,54354,,1+,1
3794,54355,,1+,1
3795,54356,,1+,1
3796,54357,,1+,1
3797,54358,,1+,1
3798,54359,,1+,1
3799,54360,,1+,1
3800,54361,,1+,1
3801,54362,,1+,1
3802,54363,,1+,1
3803,54364,,1+,1
3804,54365,,1+,1
3805,54366,,1+,1
3806,54367,,1+,1
3807,54368,,1+,1
3808,54369,,1+,1
3809,54370,,1+,1
3810,54371,,1+,1
3811,54372,,1+,1
3812,54373,,1+,1
3813,54374,,1+,1
3814,54375,,1+,1
3815,54376,,1+,1
3816,54377,,1+,1
3817,54378,,1+,1
3818,54379,,1+,1
3819,54380,,1+,1
3820,54381,,1+,1
3821,54382,,1+,1
3822,54383,,1+,1
3823,54384,,1+,1
3824,54385,,1+,1
3825,54386,,1+,1
3826,54387,,1+,1
3827,54388,,1+,1
3828,54389,,1+,1
3829,54390,,1+,1
3830,54391,,1+,1
3831,54392,,1+,1
3832,54393,,1+,1
3833,54394,,1+,1
3834,54395,,1+,1
3835,54396,,1+,1
3836,54397,,1+,1
3837,54398,,1+,1
3838,54399,,1+,1
3839,54400,,1+,1
3840,54401,,1+,1
3841,54402,,1+,1
3842,54403,,1+,1
3843,54404,,1+,1
3844,54405,,1+,1
3845,54406,,1+,1
3846,54407,,1+,1
3847,54408,,1+,1
3848,54409,,1+,1
3849,54410,,1+,1
3850,54411,,1+,1
3851,54412,,1+,1
3852,54413,,1+,1
3853,54414,,1+,1
3854,54415,,1+,1
3855,54416,,1+,1
3856,54417,,1+,1
3857,54418,,1+,1
3858,54419,,1+,1
3859,54420,,1+,1
3860,54421,,1+,1
3861,54422,,1+,1
3862,54423,,1+,1
3863,54424,,1+,1
3864,54425,,1+,1
3865,54426,,1+,1
3866,54427,,1+,1
3867,54428,,1+,1
3868,54429,,1+,1
3869,54430,,1+,1
3870,54431,,1+,1
3871,54432,,1+,1
3872,54433,,1+,1
3873,54434,,1+,1
3874,54435,,1+,1
3875,54436,,1+,1
3876,54437,,1+,1
3877,54438,,1+,1
3878,54439,,1+,1
3879,54440,,1+,1
3880,54441,,1+,1
3881,54442,,1+,9
3882,54443,,1+,9
3883,54444,,1+,9
3884,54445,,1+,2
3885,54446,,1+,2
3886,54447,,1+,2
3887,54448,,1+,2
3888,54449,,1+,2
3889,54450,,1+,2
3890,54451,,1+,2
3891,54452,,1+,8
3892,54453,,1+,1
3893,54454,,1+,1
3894,54455,,1+,1
3895,54456,,10+,0
3896,54457,,10+,0
3897,54458,,1+,9
3898,54459,,1+,9
3899,54460,,1+,9
3900,54461,,1+,9
3901,54462,,1+,9
3902,54463,,10+,0
3903,54464,,10+,0
3904,54465,,10+,0
3905,54466,,10+,0
3906,54467,,10+,0
3907,54468,,1+,1
3908,54469,,1+,1
3909,54470,,1+,1
3910,54471,,1+,1
3911,54472,,1+,1
3912,54473,,1+,1
3913,54474,,1+,1
3914,54475,,1+,1
3915,54476,,1+,1
3916,54477,,1+,1
3917,54478,,1+,1
3918,54479,,1+,1
3919,54480,,1+,1
3920,54481,,1+,1
3921,54482,,1+,1
3922,54483,,1+,1
3923,54484,,1+,1
3924,54485,,1+,1
3925,54486,,1+,1
3926,54487,,1+,1
3927,54488,,1+,1
3928,54489,,1+,1
3929,54490,,1+,1
3930,54491,,1+,1
3931,54492,,1+,1
3932,54493,,1+,1
3933,54494,,1+,1
3934,54495,,1+,1
3935,54496,,1+,1
3936,54497,,1+,1
3937,54498,,1+,1
3938,54499,,1+,1
3939,54500,,10+,0
3940,54501,,10+,0
3941,54502,,10+,0
3942,54503,,10+,0
3943,54504,,10+,0
3944,54505,,1+,8
3945,54506,,1+,5
3946,54507,,1+,8
3947,54508,,1+,8
3948,54509,,1+,0
3949,54510,,1+,8
3950,54511,,1+,8
3951,54512,,1+,8
3952,54513,,10+,0
3953,54514,,1+,8
3954,54515,,1+,8
3955,54516,,10+,0
3956,54517,,1+,8
3957,54518,,10+,0
3958,54519,,1+,8
3959,54520,,1+,8
3960,54521,,1+,8
3961,54522,,1+,8
3962,54523,,1+,9
3963,54524,,1+,9
3964,54525,,1+,9
3965,54526,,1+,2
3966,54527,,1+,2
3967,54528,,1+,2
3968,54529,,1+,2
3969,54530,,1+,2
3970,54531,,1+,2
3971,54532,,1+,9
3972,54533,,1+,9
3973,54534,,1+,9
3974,54535,,1+,9
3975,54536,,1+,8
3976,54537,,1+,3
3977,54538,,1+,5
3978,54539,,100+,0
3979,54540,,1+,5
3980,54541,,1+,8
3981,54542,,1+,8
3982,54543,,1+,8
3983,54544,,1+,9
3984,54545,,1+,9
3985,54546,,1+,9
3986,54547,,1+,2
3987,54548,,1+,8
3988,54549,,1+,9
3989,54550,,1+,9
3990,54551,,1+,9
3991,54552,,1+,9
3992,54553,,1+,9
3993,54554,,10+,0
3994,54555,,10+,5
3995,54556,,1+,5
3996,54557,,1+,8
3997,54558,,1+,8
3998,54559,,1+,8
3999,54560,,1+,8
4000,54561,,10+,0
4001,54562,,1+,8
4002,54563,,1+,8
4003,54564,,1+,8
4004,54565,,1+,8
4005,54566,,1+,8
4006,54567,,10+,0
4007,54568,,1+,8
4008,54569,,1+,8
4009,54570,,10+,0
4010,54571,,10+,0
4011,54572,,1+,0
4012,54573,,1+,8
4013,54574,,1+,8
4014,54575,,1+,8
4015,54576,,1+,8
4016,54577,,1+,8
4017,54578,,1+,8
4018,54579,,1+,8
4019,54580,,1+,8
4020,54581,,1+,0
4021,54582,,10+,0
4022,54583,,1+,9
4023,54584,,1+,9
4024,54585,,1+,9
4025,54586,,1+,9
4026,54587,,1+,9
4027,54588,,1+,9
4028,54589,,1+,9
4029,54590,,1+,2
4030,54591,,1+,8
4031,54592,,1+,8
4032,54593,,1+,8
4033,54594,,1+,8
4034,54595,,1+,3
4035,54596,,1+,3
4036,54597,,1+,3
4037,54598,,1+,3
4038,54599,,1+,3
4039,54600,,1+,3
4040,54601,,1+,3
4041,54602,,1+,3
4042,54603,,1+,3
4043,54604,,1+,3
4044,54605,,1+,3
4045,54606,,1+,3
4046,54607,,1+,3
4047,54608,,1+,3
4048,54609,,1+,3
4049,54610,,1+,3
4050,54611,,1+,3
4051,54612,,1+,3
4052,54613,,1+,3
4053,54614,,1+,3
4054,54615,,1+,3
4055,54616,,1+,3
4056,54617,,1+,3
4057,54618,,1+,3
4058,54619,,1+,3
4059,54620,,1+,3
4060,54621,,1+,3
4061,54622,,1+,3
4062,54623,,1+,3
4063,54624,,1+,3
4064,54625,,1+,3
4065,54626,,1+,3
4066,54627,,1+,3
4067,54628,,1+,3
4068,54629,,1+,3
4069,54630,,1+,3
4070,54631,,1+,8
4071,54632,,1+,3
4072,54633,,1+,0
4073,54634,,10+,0
4074,54635,,10+,0
4075,54636,,10+,0
4076,54637,,1+,5
4077,54638,,1+,8
4078,54639,,1+,8
4079,54640,,1+,8
4080,54641,,10+,0
4081,54642,,1+,8
4082,54643,,1+,8
4083,54644,,1+,8
4084,54645,,1+,8
4085,54646,,100+,8
4086,54647,,10+,0
4087,54648,,1+,8
4088,54649,,1+,9
4089,54650,,1+,9
4090,54651,,1+,9
4091,54652,,1+,2
4092,54653,,1+,8
4093,54654,,1+,9
4094,54655,,1+,9
4095,54656,,1+,9
4096,54657,,1+,9
4097,54658,,1+,9
4098,54659,,10+,5
4099,54660,,10+,0
4100,54661,,1+,8
4101,54662,,1+,8
4102,54663,,1+,8
4103,54664,,1+,8
4104,54665,,1+,8
4105,54666,,1+,8
4106,54667,,1+,0
4107,54668,,1+,8
4108,54669,,1+,8
4109,54670,,100+,8
4110,54671,,1+,8
4111,54672,,1+,8
4112,54673,,1+,0
4113,54674,,1+,9
4114,54675,,1+,9
4115,54676,,1+,9
4116,54677,,1+,2
4117,54678,,1+,9
4118,54679,,1+,9
4119,54680,,1+,9
4120,54681,,1+,9
4121,54682,,1+,9
4122,54683,,1+,8
4123,54684,,1+,3
4124,54685,,1+,3
4125,54686,,1+,3
4126,54687,,1+,3
4127,54688,,1+,3
4128,54689,,1+,3
4129,54690,,1+,3
4130,54691,,1+,3
4131,54692,,1+,3
4132,54693,,1+,3
4133,54694,,1+,3
4134,54695,,10+,0
4135,54696,,1+,3
4136,54697,,1+,8
4137,54698,,10+,5
4138,54699,,1+,8
